analisis,tabla,columna,n,pct_iguales,dmax,estado,modo,filas_nueva,filas_vieja
analiceDB,01_dimensiones_capas.csv,n,11.0,0.5454545454545454,1543219.0,explicado por el recorte,fila,11,11
analiceDB,01_disponibilidad_especie.csv,con_interpro,30.0,1.0,0.0,idéntico,distribucion,30,30
analiceDB,01_disponibilidad_especie.csv,con_orthomcl,29.0,1.0,0.0,idéntico,distribucion,30,30
analiceDB,01_disponibilidad_especie.csv,druggables,30.0,1.0,0.0,idéntico,distribucion,30,30
analiceDB,01_disponibilidad_especie.csv,pct_interpro,30.0,1.0,4.527676281895765e-05,idéntico,distribucion,30,30
analiceDB,01_disponibilidad_especie.csv,pct_orthomcl,29.0,1.0,5.4073908358986955e-05,idéntico,distribucion,30,30
analiceDB,01_disponibilidad_especie.csv,proteinas,30.0,1.0,0.03333333333284827,idéntico,distribucion,30,30
analiceDB,02_conectividad_anotaciones.csv,(sin columnas numericas comunes),,,,sin datos,,16,16
analiceDB,02_conectividad_drogas.csv,(sin columnas numericas comunes),,,,sin datos,,16,16
analiceDB,03_bioactividades_por_tag.csv,cluster_consistent,8.0,1.0,0.0,idéntico,fila,8,8
analiceDB,03_bioactividades_por_tag.csv,n,8.0,0.5,1499732.0,explicado por el recorte,fila,8,8
analiceDB,03_bioactividades_por_tag.csv,pct,8.0,0.0,6.607042563891611,explicado por el recorte,fila,8,8
analiceDB,03_compuestos_promiscuos.csv,drug_id,7.0,0.0,1527286.0,explicado por el recorte,fila,7,30
analiceDB,03_compuestos_promiscuos.csv,molweight,7.0,0.0,40.056452255999986,explicado por el recorte,fila,7,30
analiceDB,03_compuestos_promiscuos.csv,n_parentales,7.0,0.0,24321.0,explicado por el recorte,fila,7,30
analiceDB,03_curva_filtrado.csv,aristas_filtrables,92.0,0.13043478260869565,214621.0,explicado por el recorte,fila,92,92
analiceDB,03_curva_filtrado.csv,compuestos_filtrables,92.0,0.13043478260869565,1505.0,explicado por el recorte,fila,92,92
analiceDB,03_curva_filtrado.csv,mw_max,92.0,1.0,0.0,idéntico,fila,92,92
analiceDB,03_curva_filtrado.csv,umbral_promiscuidad,92.0,1.0,0.0,idéntico,fila,92,92
analiceDB,03_impacto_filtro.csv,aristas_filtradas,1.0,0.0,96630.0,explicado por el recorte,fila,1,1
analiceDB,03_impacto_filtro.csv,compuestos_filtrados,1.0,0.0,23.0,explicado por el recorte,fila,1,1
analiceDB,03_impacto_filtro.csv,mw_mediana_filtrados,1.0,0.0,13.518025580000014,explicado por el recorte,fila,1,1
analiceDB,03_impacto_filtro.csv,n_parentales_p99,1.0,0.0,9.0,explicado por el recorte,fila,1,1
analiceDB,03_impacto_filtro.csv,pct_aristas,1.0,0.0,10.365703946329733,explicado por el recorte,fila,1,1
analiceDB,03_impacto_filtro.csv,pct_compuestos,1.0,0.0,0.006232742105244901,explicado por el recorte,fila,1,1
genome_prioritization,01_sp0.csv,AUC,120.0,1.0,4.440892098500626e-16,idéntico,fila,120,120
genome_prioritization,01_sp0.csv,AUC01,120.0,1.0,0.0,idéntico,fila,120,120
genome_prioritization,01_sp0.csv,N_targets,120.0,1.0,0.0,idéntico,fila,120,120
genome_prioritization,01_sp0.csv,YoudenCutOff,120.0,1.0,0.0,idéntico,fila,120,120
genome_prioritization,01_sp0.csv,alpha,120.0,1.0,0.0,idéntico,fila,120,120
genome_prioritization,01_sp0.csv,beta,120.0,1.0,0.0,idéntico,fila,120,120
genome_prioritization,01_sp0.csv,gamma,120.0,1.0,0.0,idéntico,fila,120,120
genome_prioritization,01_sp0.csv,lambda_,60.0,1.0,0.0,idéntico,fila,120,120
genome_prioritization,01_sp1.csv,AUC,120.0,1.0,3.3306690738754696e-16,idéntico,fila,120,120
genome_prioritization,01_sp1.csv,AUC01,120.0,1.0,0.0,idéntico,fila,120,120
genome_prioritization,01_sp1.csv,N_targets,120.0,1.0,0.0,idéntico,fila,120,120
genome_prioritization,01_sp1.csv,YoudenCutOff,120.0,1.0,0.0,idéntico,fila,120,120
genome_prioritization,01_sp1.csv,alpha,120.0,1.0,0.0,idéntico,fila,120,120
genome_prioritization,01_sp1.csv,beta,120.0,1.0,0.0,idéntico,fila,120,120
genome_prioritization,01_sp1.csv,gamma,120.0,1.0,0.0,idéntico,fila,120,120
genome_prioritization,01_sp1.csv,lambda_,60.0,1.0,0.0,idéntico,fila,120,120
genome_prioritization,01_sp10.csv,AUC,120.0,1.0,4.440892098500626e-16,idéntico,fila,120,120
genome_prioritization,01_sp10.csv,AUC01,120.0,1.0,0.0,idéntico,fila,120,120
genome_prioritization,01_sp10.csv,N_targets,120.0,1.0,0.0,idéntico,fila,120,120
genome_prioritization,01_sp10.csv,YoudenCutOff,120.0,1.0,0.0,idéntico,fila,120,120
genome_prioritization,01_sp10.csv,alpha,120.0,1.0,0.0,idéntico,fila,120,120
genome_prioritization,01_sp10.csv,beta,120.0,1.0,0.0,idéntico,fila,120,120
genome_prioritization,01_sp10.csv,gamma,120.0,1.0,0.0,idéntico,fila,120,120
genome_prioritization,01_sp10.csv,lambda_,60.0,1.0,0.0,idéntico,fila,120,120
genome_prioritization,01_sp15.csv,AUC,120.0,1.0,3.3306690738754696e-16,idéntico,fila,120,120
genome_prioritization,01_sp15.csv,AUC01,120.0,1.0,0.0,idéntico,fila,120,120
genome_prioritization,01_sp15.csv,N_targets,120.0,1.0,0.0,idéntico,fila,120,120
genome_prioritization,01_sp15.csv,YoudenCutOff,120.0,1.0,0.0,idéntico,fila,120,120
genome_prioritization,01_sp15.csv,alpha,120.0,1.0,0.0,idéntico,fila,120,120
genome_prioritization,01_sp15.csv,beta,120.0,1.0,0.0,idéntico,fila,120,120
genome_prioritization,01_sp15.csv,gamma,120.0,1.0,0.0,idéntico,fila,120,120
genome_prioritization,01_sp15.csv,lambda_,60.0,1.0,0.0,idéntico,fila,120,120
genome_prioritization,01_sp17.csv,AUC,120.0,1.0,3.3306690738754696e-16,idéntico,fila,120,120
genome_prioritization,01_sp17.csv,AUC01,120.0,1.0,0.0,idéntico,fila,120,120
genome_prioritization,01_sp17.csv,N_targets,120.0,1.0,0.0,idéntico,fila,120,120
genome_prioritization,01_sp17.csv,YoudenCutOff,120.0,1.0,0.0,idéntico,fila,120,120
genome_prioritization,01_sp17.csv,alpha,120.0,1.0,0.0,idéntico,fila,120,120
genome_prioritization,01_sp17.csv,beta,120.0,1.0,0.0,idéntico,fila,120,120
genome_prioritization,01_sp17.csv,gamma,120.0,1.0,0.0,idéntico,fila,120,120
genome_prioritization,01_sp17.csv,lambda_,60.0,1.0,0.0,idéntico,fila,120,120
genome_prioritization,01_sp18.csv,AUC,120.0,1.0,4.440892098500626e-16,idéntico,fila,120,120
genome_prioritization,01_sp18.csv,AUC01,120.0,1.0,0.0,idéntico,fila,120,120
genome_prioritization,01_sp18.csv,N_targets,120.0,1.0,0.0,idéntico,fila,120,120
genome_prioritization,01_sp18.csv,YoudenCutOff,120.0,1.0,0.0,idéntico,fila,120,120
genome_prioritization,01_sp18.csv,alpha,120.0,1.0,0.0,idéntico,fila,120,120
genome_prioritization,01_sp18.csv,beta,120.0,1.0,0.0,idéntico,fila,120,120
genome_prioritization,01_sp18.csv,gamma,120.0,1.0,0.0,idéntico,fila,120,120
genome_prioritization,01_sp18.csv,lambda_,60.0,1.0,0.0,idéntico,fila,120,120
genome_prioritization,01_sp21.csv,AUC,120.0,1.0,3.3306690738754696e-16,idéntico,fila,120,120
genome_prioritization,01_sp21.csv,AUC01,120.0,1.0,0.0,idéntico,fila,120,120
genome_prioritization,01_sp21.csv,N_targets,120.0,1.0,0.0,idéntico,fila,120,120
genome_prioritization,01_sp21.csv,YoudenCutOff,120.0,1.0,0.0,idéntico,fila,120,120
genome_prioritization,01_sp21.csv,alpha,120.0,1.0,0.0,idéntico,fila,120,120
genome_prioritization,01_sp21.csv,beta,120.0,1.0,0.0,idéntico,fila,120,120
genome_prioritization,01_sp21.csv,gamma,120.0,1.0,0.0,idéntico,fila,120,120
genome_prioritization,01_sp21.csv,lambda_,60.0,1.0,0.0,idéntico,fila,120,120
genome_prioritization,01_sp22.csv,AUC,120.0,1.0,3.3306690738754696e-16,idéntico,fila,120,120
genome_prioritization,01_sp22.csv,AUC01,120.0,1.0,0.0,idéntico,fila,120,120
genome_prioritization,01_sp22.csv,N_targets,120.0,1.0,0.0,idéntico,fila,120,120
genome_prioritization,01_sp22.csv,YoudenCutOff,120.0,1.0,0.0,idéntico,fila,120,120
genome_prioritization,01_sp22.csv,alpha,120.0,1.0,0.0,idéntico,fila,120,120
genome_prioritization,01_sp22.csv,beta,120.0,1.0,0.0,idéntico,fila,120,120
genome_prioritization,01_sp22.csv,gamma,120.0,1.0,0.0,idéntico,fila,120,120
genome_prioritization,01_sp22.csv,lambda_,60.0,1.0,0.0,idéntico,fila,120,120
genome_prioritization,01_sp23.csv,AUC,120.0,1.0,3.3306690738754696e-16,idéntico,fila,120,120
genome_prioritization,01_sp23.csv,AUC01,120.0,1.0,0.0,idéntico,fila,120,120
genome_prioritization,01_sp23.csv,N_targets,120.0,1.0,0.0,idéntico,fila,120,120
genome_prioritization,01_sp23.csv,YoudenCutOff,120.0,1.0,0.0,idéntico,fila,120,120
genome_prioritization,01_sp23.csv,alpha,120.0,1.0,0.0,idéntico,fila,120,120
genome_prioritization,01_sp23.csv,beta,120.0,1.0,0.0,idéntico,fila,120,120
genome_prioritization,01_sp23.csv,gamma,120.0,1.0,0.0,idéntico,fila,120,120
genome_prioritization,01_sp23.csv,lambda_,60.0,1.0,0.0,idéntico,fila,120,120
genome_prioritization,01_sp25.csv,AUC,120.0,1.0,3.3306690738754696e-16,idéntico,fila,120,120
genome_prioritization,01_sp25.csv,AUC01,120.0,1.0,0.0,idéntico,fila,120,120
genome_prioritization,01_sp25.csv,N_targets,120.0,1.0,0.0,idéntico,fila,120,120
genome_prioritization,01_sp25.csv,YoudenCutOff,120.0,1.0,0.0,idéntico,fila,120,120
genome_prioritization,01_sp25.csv,alpha,120.0,1.0,0.0,idéntico,fila,120,120
genome_prioritization,01_sp25.csv,beta,120.0,1.0,0.0,idéntico,fila,120,120
genome_prioritization,01_sp25.csv,gamma,120.0,1.0,0.0,idéntico,fila,120,120
genome_prioritization,01_sp25.csv,lambda_,60.0,1.0,0.0,idéntico,fila,120,120
genome_prioritization,01_sp26.csv,AUC,120.0,1.0,3.3306690738754696e-16,idéntico,fila,120,120
genome_prioritization,01_sp26.csv,AUC01,120.0,1.0,0.0,idéntico,fila,120,120
genome_prioritization,01_sp26.csv,N_targets,120.0,1.0,0.0,idéntico,fila,120,120
genome_prioritization,01_sp26.csv,YoudenCutOff,120.0,1.0,0.0,idéntico,fila,120,120
genome_prioritization,01_sp26.csv,alpha,120.0,1.0,0.0,idéntico,fila,120,120
genome_prioritization,01_sp26.csv,beta,120.0,1.0,0.0,idéntico,fila,120,120
genome_prioritization,01_sp26.csv,gamma,120.0,1.0,0.0,idéntico,fila,120,120
genome_prioritization,01_sp26.csv,lambda_,60.0,1.0,0.0,idéntico,fila,120,120
genome_prioritization,01_sp28.csv,AUC,120.0,1.0,2.220446049250313e-16,idéntico,fila,120,120
genome_prioritization,01_sp28.csv,AUC01,120.0,1.0,0.0,idéntico,fila,120,120
genome_prioritization,01_sp28.csv,N_targets,120.0,1.0,0.0,idéntico,fila,120,120
genome_prioritization,01_sp28.csv,YoudenCutOff,120.0,1.0,0.0,idéntico,fila,120,120
genome_prioritization,01_sp28.csv,alpha,120.0,1.0,0.0,idéntico,fila,120,120
genome_prioritization,01_sp28.csv,beta,120.0,1.0,0.0,idéntico,fila,120,120
genome_prioritization,01_sp28.csv,gamma,120.0,1.0,0.0,idéntico,fila,120,120
genome_prioritization,01_sp28.csv,lambda_,60.0,1.0,0.0,idéntico,fila,120,120
genome_prioritization,01_sp3.csv,AUC,120.0,1.0,3.3306690738754696e-16,idéntico,fila,120,120
genome_prioritization,01_sp3.csv,AUC01,120.0,1.0,0.0,idéntico,fila,120,120
genome_prioritization,01_sp3.csv,N_targets,120.0,1.0,0.0,idéntico,fila,120,120
genome_prioritization,01_sp3.csv,YoudenCutOff,120.0,1.0,0.0,idéntico,fila,120,120
genome_prioritization,01_sp3.csv,alpha,120.0,1.0,0.0,idéntico,fila,120,120
genome_prioritization,01_sp3.csv,beta,120.0,1.0,0.0,idéntico,fila,120,120
genome_prioritization,01_sp3.csv,gamma,120.0,1.0,0.0,idéntico,fila,120,120
genome_prioritization,01_sp3.csv,lambda_,60.0,1.0,0.0,idéntico,fila,120,120
genome_prioritization,01_sp4.csv,AUC,120.0,1.0,3.3306690738754696e-16,idéntico,fila,120,120
genome_prioritization,01_sp4.csv,AUC01,120.0,1.0,0.0,idéntico,fila,120,120
genome_prioritization,01_sp4.csv,N_targets,120.0,1.0,0.0,idéntico,fila,120,120
genome_prioritization,01_sp4.csv,YoudenCutOff,120.0,1.0,0.0,idéntico,fila,120,120
genome_prioritization,01_sp4.csv,alpha,120.0,1.0,0.0,idéntico,fila,120,120
genome_prioritization,01_sp4.csv,beta,120.0,1.0,0.0,idéntico,fila,120,120
genome_prioritization,01_sp4.csv,gamma,120.0,1.0,0.0,idéntico,fila,120,120
genome_prioritization,01_sp4.csv,lambda_,60.0,1.0,0.0,idéntico,fila,120,120
genome_prioritization,01_sp5.csv,AUC,120.0,1.0,4.440892098500626e-16,idéntico,fila,120,120
genome_prioritization,01_sp5.csv,AUC01,120.0,1.0,0.0,idéntico,fila,120,120
genome_prioritization,01_sp5.csv,N_targets,120.0,1.0,0.0,idéntico,fila,120,120
genome_prioritization,01_sp5.csv,YoudenCutOff,120.0,1.0,0.0,idéntico,fila,120,120
genome_prioritization,01_sp5.csv,alpha,120.0,1.0,0.0,idéntico,fila,120,120
genome_prioritization,01_sp5.csv,beta,120.0,1.0,0.0,idéntico,fila,120,120
genome_prioritization,01_sp5.csv,gamma,120.0,1.0,0.0,idéntico,fila,120,120
genome_prioritization,01_sp5.csv,lambda_,60.0,1.0,0.0,idéntico,fila,120,120
genome_prioritization,01_sp9.csv,AUC,120.0,1.0,3.3306690738754696e-16,idéntico,fila,120,120
genome_prioritization,01_sp9.csv,AUC01,120.0,1.0,0.0,idéntico,fila,120,120
genome_prioritization,01_sp9.csv,N_targets,120.0,1.0,0.0,idéntico,fila,120,120
genome_prioritization,01_sp9.csv,YoudenCutOff,120.0,1.0,0.0,idéntico,fila,120,120
genome_prioritization,01_sp9.csv,alpha,120.0,1.0,0.0,idéntico,fila,120,120
genome_prioritization,01_sp9.csv,beta,120.0,1.0,0.0,idéntico,fila,120,120
genome_prioritization,01_sp9.csv,gamma,120.0,1.0,0.0,idéntico,fila,120,120
genome_prioritization,01_sp9.csv,lambda_,60.0,1.0,0.0,idéntico,fila,120,120
genome_prioritization,02_consistencia.csv,enriquecimiento,16.0,1.0,0.0,idéntico,fila,16,16
genome_prioritization,02_consistencia.csv,frec_grilla,16.0,1.0,0.0,idéntico,fila,16,16
genome_prioritization,02_consistencia.csv,frec_topk,16.0,1.0,0.0,idéntico,fila,16,16
genome_prioritization,02_consistencia.csv,valor,15.0,1.0,0.0,idéntico,fila,16,16
genome_prioritization,02_optimos_por_especie.csv,AUC,16.0,1.0,0.0,idéntico,distribucion,16,16
genome_prioritization,02_optimos_por_especie.csv,AUC01,16.0,1.0,0.0,idéntico,distribucion,16,16
genome_prioritization,02_optimos_por_especie.csv,N_targets,16.0,1.0,0.0,idéntico,distribucion,16,16
genome_prioritization,02_optimos_por_especie.csv,YoudenCutOff,16.0,1.0,0.0,idéntico,distribucion,16,16
genome_prioritization,02_optimos_por_especie.csv,alpha,16.0,1.0,1.1102230246251565e-16,idéntico,distribucion,16,16
genome_prioritization,02_optimos_por_especie.csv,beta,16.0,1.0,0.0,idéntico,distribucion,16,16
genome_prioritization,02_optimos_por_especie.csv,gamma,16.0,1.0,0.0,idéntico,distribucion,16,16
genome_prioritization,02_optimos_por_especie.csv,lambda_,13.0,1.0,0.0,idéntico,distribucion,16,16
genome_prioritization,02_plateau.csv,auc01_max,16.0,1.0,0.0,idéntico,distribucion,16,16
genome_prioritization,02_plateau.csv,auc01_min,16.0,1.0,0.0,idéntico,distribucion,16,16
genome_prioritization,02_plateau.csv,caida_top10,16.0,1.0,0.0,idéntico,distribucion,16,16
genome_prioritization,02_plateau.csv,caida_top20,16.0,1.0,0.0,idéntico,distribucion,16,16
genome_prioritization,02_plateau.csv,caida_top5,16.0,1.0,0.0,idéntico,distribucion,16,16
genome_prioritization,02_plateau.csv,n_combos,16.0,1.0,0.0,idéntico,distribucion,16,16
genome_prioritization,02_plateau.csv,n_dentro_0.001,16.0,1.0,0.0,idéntico,distribucion,16,16
genome_prioritization,02_plateau.csv,n_dentro_0.005,16.0,1.0,0.0,idéntico,distribucion,16,16
genome_prioritization,02_plateau.csv,n_dentro_0.01,16.0,1.0,0.0,idéntico,distribucion,16,16
genome_prioritization,02_spearman_especies.csv,(sin columnas numericas comunes),,,,sin datos,,16,16
huerfanas,01_resumen_frank.csv,corte,27.0,1.0,0.0,idéntico,fila,27,27
huerfanas,01_resumen_frank.csv,n,27.0,0.1111111111111111,1112.0,explicado por el recorte,fila,27,27
huerfanas,01_resumen_frank.csv,pct_recuperadas,27.0,0.14814814814814814,15.625474996200031,explicado por el recorte,fila,27,27
huerfanas,01_resumen_frank.csv,pct_sin_semilla,27.0,0.2222222222222222,40.80495356037153,explicado por el recorte,fila,27,27
huerfanas,01_sp0_pseudohuerfanas.csv,drug_id,1000.0,0.19224180840205063,1760771.5,explicado por el recorte,distribucion,1000,1000
huerfanas,01_sp0_pseudohuerfanas.csv,frank,102.0,0.9996330275229358,0.04668694376743071,idéntico,distribucion,1000,1000
huerfanas,01_sp0_pseudohuerfanas.csv,n_semilla,1000.0,1.0,4.178000000000001,idéntico,distribucion,1000,1000
huerfanas,01_sp0_pseudohuerfanas.csv,n_targets,102.0,1.0,0.0,idéntico,distribucion,1000,1000
huerfanas,01_sp0_pseudohuerfanas.csv,rG,102.0,0.9982045832289487,17192.9519211725,explicado por el recorte,distribucion,1000,1000
huerfanas,01_sp0_pseudohuerfanas.csv,rSS,102.0,0.9996330275229358,190.15592196474563,idéntico,distribucion,1000,1000
huerfanas,01_sp0_pseudohuerfanas.csv,rank,102.0,0.9996330275229358,190.15592196474563,idéntico,distribucion,1000,1000
huerfanas,01_sp0_pseudohuerfanas.csv,score,102.0,1.0,0.006823228148583649,idéntico,distribucion,1000,1000
huerfanas,01_sp0_pseudohuerfanas.csv,target_id,1000.0,1.0,743.6539999999804,idéntico,distribucion,1000,1000
huerfanas,01_sp10_pseudohuerfanas.csv,drug_id,1000.0,0.9804300924255596,547726.152,explicado por el recorte,distribucion,1000,1000
huerfanas,01_sp10_pseudohuerfanas.csv,frank,184.0,0.9995102040816325,0.019320154947906065,idéntico,distribucion,1000,1000
huerfanas,01_sp10_pseudohuerfanas.csv,n_semilla,1000.0,1.0,3.335,idéntico,distribucion,1000,1000
huerfanas,01_sp10_pseudohuerfanas.csv,n_targets,184.0,1.0,0.0,idéntico,distribucion,1000,1000
huerfanas,01_sp10_pseudohuerfanas.csv,rG,184.0,0.9968774279577062,7343.335412105109,explicado por el recorte,distribucion,1000,1000
huerfanas,01_sp10_pseudohuerfanas.csv,rSS,184.0,0.9995102040816326,117.71770409759165,idéntico,distribucion,1000,1000
huerfanas,01_sp10_pseudohuerfanas.csv,rank,184.0,0.9995102040816326,117.71770409759165,idéntico,distribucion,1000,1000
huerfanas,01_sp10_pseudohuerfanas.csv,score,184.0,1.0,0.028715774106487284,idéntico,distribucion,1000,1000
huerfanas,01_sp10_pseudohuerfanas.csv,target_id,1000.0,1.0,804.8399999999965,idéntico,distribucion,1000,1000
huerfanas,01_sp15_pseudohuerfanas.csv,drug_id,236.0,0.5278267297630752,799353.6144067796,explicado por el recorte,distribucion,236,236
huerfanas,01_sp15_pseudohuerfanas.csv,frank,31.0,0.9983831851253031,0.005439008964490788,explicado por el recorte,distribucion,236,236
huerfanas,01_sp15_pseudohuerfanas.csv,n_semilla,236.0,1.0,3.5211864406779663,idéntico,distribucion,236,236
huerfanas,01_sp15_pseudohuerfanas.csv,n_targets,31.0,1.0,0.0,idéntico,distribucion,236,236
huerfanas,01_sp15_pseudohuerfanas.csv,rG,31.0,0.9931569208292265,2231.7750314201985,explicado por el recorte,distribucion,236,236
huerfanas,01_sp15_pseudohuerfanas.csv,rSS,31.0,0.9983831851253031,46.95496439044837,explicado por el recorte,distribucion,236,236
huerfanas,01_sp15_pseudohuerfanas.csv,rank,31.0,0.9983831851253031,46.95496439044837,explicado por el recorte,distribucion,236,236
huerfanas,01_sp15_pseudohuerfanas.csv,score,31.0,1.0,0.0003180394451231436,idéntico,distribucion,236,236
huerfanas,01_sp15_pseudohuerfanas.csv,target_id,236.0,1.0,0.0,idéntico,distribucion,236,236
huerfanas,01_sp17_pseudohuerfanas.csv,drug_id,170.0,0.1924241848352648,1731640.0,explicado por el recorte,distribucion,170,170
huerfanas,01_sp17_pseudohuerfanas.csv,frank,38.0,0.9954098664688428,0.04357788531801149,explicado por el recorte,distribucion,170,170
huerfanas,01_sp17_pseudohuerfanas.csv,n_semilla,170.0,0.0,6.641176470588233,explicado por el recorte,distribucion,170,170
huerfanas,01_sp17_pseudohuerfanas.csv,n_targets,38.0,1.0,0.0,idéntico,distribucion,170,170
huerfanas,01_sp17_pseudohuerfanas.csv,rG,38.0,0.9971038002836818,15885.15085679313,explicado por el recorte,distribucion,170,170
huerfanas,01_sp17_pseudohuerfanas.csv,rSS,38.0,0.9954098664688428,466.0654834761317,explicado por el recorte,distribucion,170,170
huerfanas,01_sp17_pseudohuerfanas.csv,rank,38.0,0.9954098664688428,466.0654834761317,explicado por el recorte,distribucion,170,170
huerfanas,01_sp17_pseudohuerfanas.csv,score,38.0,1.0,0.003386557027866246,idéntico,distribucion,170,170
huerfanas,01_sp17_pseudohuerfanas.csv,target_id,170.0,1.0,0.0,idéntico,distribucion,170,170
huerfanas,01_sp18_pseudohuerfanas.csv,drug_id,1000.0,0.4930472963326622,637832.9310000001,explicado por el recorte,distribucion,1000,1000
huerfanas,01_sp18_pseudohuerfanas.csv,frank,182.0,0.9991269234966714,0.02452705752036155,idéntico,distribucion,1000,1000
huerfanas,01_sp18_pseudohuerfanas.csv,n_semilla,1000.0,1.0,2.5709999999999997,idéntico,distribucion,1000,1000
huerfanas,01_sp18_pseudohuerfanas.csv,n_targets,182.0,1.0,0.0,idéntico,distribucion,1000,1000
huerfanas,01_sp18_pseudohuerfanas.csv,rG,182.0,0.9969237352797503,7940.555347091955,explicado por el recorte,distribucion,1000,1000
huerfanas,01_sp18_pseudohuerfanas.csv,rSS,182.0,0.9991269234966714,446.0245410077732,idéntico,distribucion,1000,1000
huerfanas,01_sp18_pseudohuerfanas.csv,rank,182.0,0.9991269234966714,446.0245410077732,idéntico,distribucion,1000,1000
huerfanas,01_sp18_pseudohuerfanas.csv,score,182.0,1.0,0.0020463596364826715,idéntico,distribucion,1000,1000
huerfanas,01_sp18_pseudohuerfanas.csv,target_id,1000.0,0.9359244633154191,12948.0,explicado por el recorte,distribucion,1000,1000
huerfanas,01_sp1_pseudohuerfanas.csv,drug_id,1000.0,0.1888234146531148,1835742.5,explicado por el recorte,distribucion,1000,1000
huerfanas,01_sp1_pseudohuerfanas.csv,frank,146.0,0.9993399339933994,0.03404110417044587,idéntico,distribucion,1000,1000
huerfanas,01_sp1_pseudohuerfanas.csv,n_semilla,1000.0,1.0,3.375,idéntico,distribucion,1000,1000
huerfanas,01_sp1_pseudohuerfanas.csv,n_targets,146.0,1.0,0.0,idéntico,distribucion,1000,1000
huerfanas,01_sp1_pseudohuerfanas.csv,rG,146.0,0.9967519690345397,12792.480353280465,explicado por el recorte,distribucion,1000,1000
huerfanas,01_sp1_pseudohuerfanas.csv,rSS,146.0,0.9993399339933994,154.30832520463127,idéntico,distribucion,1000,1000
huerfanas,01_sp1_pseudohuerfanas.csv,rank,146.0,0.9993399339933994,154.30832520463127,idéntico,distribucion,1000,1000
huerfanas,01_sp1_pseudohuerfanas.csv,score,146.0,1.0,0.003239156694593376,idéntico,distribucion,1000,1000
huerfanas,01_sp1_pseudohuerfanas.csv,target_id,1000.0,1.0,1545.9520000000193,idéntico,distribucion,1000,1000
huerfanas,01_sp21_pseudohuerfanas.csv,drug_id,364.0,0.17357173916151725,1965215.0,explicado por el recorte,distribucion,364,364
huerfanas,01_sp21_pseudohuerfanas.csv,frank,68.0,0.9977954347127175,0.08888032834158682,explicado por el recorte,distribucion,364,364
huerfanas,01_sp21_pseudohuerfanas.csv,n_semilla,364.0,1.0,7.692307692307692,idéntico,distribucion,364,364
huerfanas,01_sp21_pseudohuerfanas.csv,n_targets,68.0,1.0,0.0,idéntico,distribucion,364,364
huerfanas,01_sp21_pseudohuerfanas.csv,rG,68.0,0.9953107584021763,32733.531108597293,explicado por el recorte,distribucion,364,364
huerfanas,01_sp21_pseudohuerfanas.csv,rSS,68.0,0.9977954347127176,1929.9474496092143,explicado por el recorte,distribucion,364,364
huerfanas,01_sp21_pseudohuerfanas.csv,rank,68.0,0.9977954347127176,1929.9474496092143,explicado por el recorte,distribucion,364,364
huerfanas,01_sp21_pseudohuerfanas.csv,score,68.0,1.0,0.023770485829570507,idéntico,distribucion,364,364
huerfanas,01_sp21_pseudohuerfanas.csv,target_id,364.0,1.0,0.0,idéntico,distribucion,364,364
huerfanas,01_sp22_pseudohuerfanas.csv,drug_id,49.0,0.32742050962571745,1012672.0,explicado por el recorte,distribucion,49,49
huerfanas,01_sp22_pseudohuerfanas.csv,frank,15.0,0.9898167006109979,0.07858801955990219,explicado por el recorte,distribucion,49,49
huerfanas,01_sp22_pseudohuerfanas.csv,n_semilla,49.0,0.0,14.755102040816325,explicado por el recorte,distribucion,49,49
huerfanas,01_sp22_pseudohuerfanas.csv,n_targets,15.0,1.0,0.0,idéntico,distribucion,49,49
huerfanas,01_sp22_pseudohuerfanas.csv,rG,15.0,0.995072318291737,28583.01999999999,explicado por el recorte,distribucion,49,49
huerfanas,01_sp22_pseudohuerfanas.csv,rSS,15.0,0.9898167006109979,1028.5600000000004,explicado por el recorte,distribucion,49,49
huerfanas,01_sp22_pseudohuerfanas.csv,rank,15.0,0.9898167006109979,1028.5600000000004,explicado por el recorte,distribucion,49,49
huerfanas,01_sp22_pseudohuerfanas.csv,score,15.0,1.0,0.0008533455836748972,idéntico,distribucion,49,49
huerfanas,01_sp22_pseudohuerfanas.csv,target_id,49.0,1.0,0.0,idéntico,distribucion,49,49
huerfanas,01_sp23_pseudohuerfanas.csv,drug_id,123.0,0.2698054211030467,1321060.0,explicado por el recorte,distribucion,123,123
huerfanas,01_sp23_pseudohuerfanas.csv,frank,17.0,0.9953087167070218,0.022690382110749918,explicado por el recorte,distribucion,123,123
huerfanas,01_sp23_pseudohuerfanas.csv,n_semilla,123.0,1.0,12.130081300813009,idéntico,distribucion,123,123
huerfanas,01_sp23_pseudohuerfanas.csv,n_targets,17.0,1.0,0.0,idéntico,distribucion,123,123
huerfanas,01_sp23_pseudohuerfanas.csv,rG,17.0,0.9925118562276396,9078.607088989433,explicado por el recorte,distribucion,123,123
huerfanas,01_sp23_pseudohuerfanas.csv,rSS,17.0,0.9953087167070218,148.9396681749622,explicado por el recorte,distribucion,123,123
huerfanas,01_sp23_pseudohuerfanas.csv,rank,17.0,0.9953087167070218,148.9396681749622,explicado por el recorte,distribucion,123,123
huerfanas,01_sp23_pseudohuerfanas.csv,score,17.0,1.0,8.548091873693092e-05,idéntico,distribucion,123,123
huerfanas,01_sp23_pseudohuerfanas.csv,target_id,123.0,1.0,0.0,idéntico,distribucion,123,123
huerfanas,01_sp25_pseudohuerfanas.csv,drug_id,105.0,0.4442995252327785,813576.0571428572,explicado por el recorte,distribucion,105,105
huerfanas,01_sp25_pseudohuerfanas.csv,frank,32.0,0.9990942774804445,0.030457052620213032,idéntico,distribucion,105,105
huerfanas,01_sp25_pseudohuerfanas.csv,n_semilla,105.0,1.0,13.885714285714286,idéntico,distribucion,105,105
huerfanas,01_sp25_pseudohuerfanas.csv,n_targets,32.0,1.0,0.0,idéntico,distribucion,105,105
huerfanas,01_sp25_pseudohuerfanas.csv,rG,32.0,0.9934033594847163,11565.800271739135,explicado por el recorte,distribucion,105,105
huerfanas,01_sp25_pseudohuerfanas.csv,rSS,32.0,0.9990942774804447,183.960597826087,idéntico,distribucion,105,105
huerfanas,01_sp25_pseudohuerfanas.csv,rank,32.0,0.9990942774804447,183.960597826087,idéntico,distribucion,105,105
huerfanas,01_sp25_pseudohuerfanas.csv,score,32.0,1.0,0.003940045052043789,idéntico,distribucion,105,105
huerfanas,01_sp25_pseudohuerfanas.csv,target_id,105.0,1.0,0.0,idéntico,distribucion,105,105
huerfanas,01_sp26_pseudohuerfanas.csv,drug_id,1000.0,0.7883421924304496,170300.04700000008,explicado por el recorte,distribucion,1000,1000
huerfanas,01_sp26_pseudohuerfanas.csv,frank,182.0,0.9994567677682208,0.004569748142956909,idéntico,distribucion,1000,1000
huerfanas,01_sp26_pseudohuerfanas.csv,n_semilla,1000.0,1.0,4.468,idéntico,distribucion,1000,1000
huerfanas,01_sp26_pseudohuerfanas.csv,n_targets,182.0,1.0,0.0,idéntico,distribucion,1000,1000
huerfanas,01_sp26_pseudohuerfanas.csv,rG,182.0,0.999364249020836,1478.2274446568044,idéntico,distribucion,1000,1000
huerfanas,01_sp26_pseudohuerfanas.csv,rSS,182.0,0.9994567677682209,25.110766045548644,idéntico,distribucion,1000,1000
huerfanas,01_sp26_pseudohuerfanas.csv,rank,182.0,0.9994567677682209,25.110766045548644,idéntico,distribucion,1000,1000
huerfanas,01_sp26_pseudohuerfanas.csv,score,182.0,1.0,0.0007278791192951089,idéntico,distribucion,1000,1000
huerfanas,01_sp26_pseudohuerfanas.csv,target_id,1000.0,1.0,3193.597999999998,idéntico,distribucion,1000,1000
huerfanas,01_sp28_pseudohuerfanas.csv,drug_id,43.0,0.21917805857711736,1811788.0,explicado por el recorte,distribucion,43,43
huerfanas,01_sp28_pseudohuerfanas.csv,frank,14.0,0.9983908254385566,0.032791324349397855,explicado por el recorte,distribucion,43,43
huerfanas,01_sp28_pseudohuerfanas.csv,n_semilla,43.0,1.0,21.116279069767444,idéntico,distribucion,43,43
huerfanas,01_sp28_pseudohuerfanas.csv,n_targets,14.0,1.0,0.0,idéntico,distribucion,43,43
huerfanas,01_sp28_pseudohuerfanas.csv,rG,14.0,0.999148527182153,12036.054511278198,idéntico,distribucion,43,43
huerfanas,01_sp28_pseudohuerfanas.csv,rSS,14.0,0.9983908254385567,721.8026315789475,explicado por el recorte,distribucion,43,43
huerfanas,01_sp28_pseudohuerfanas.csv,rank,14.0,0.9983908254385567,721.8026315789475,explicado por el recorte,distribucion,43,43
huerfanas,01_sp28_pseudohuerfanas.csv,score,14.0,1.0,0.006016773603480616,idéntico,distribucion,43,43
huerfanas,01_sp28_pseudohuerfanas.csv,target_id,43.0,1.0,0.0,idéntico,distribucion,43,43
huerfanas,01_sp3_pseudohuerfanas.csv,drug_id,1000.0,0.8926766327073432,301508.686,explicado por el recorte,distribucion,1000,1000
huerfanas,01_sp3_pseudohuerfanas.csv,frank,159.0,0.9998477234658141,0.033050906275722935,idéntico,distribucion,1000,1000
huerfanas,01_sp3_pseudohuerfanas.csv,n_semilla,1000.0,1.0,2.4979999999999998,idéntico,distribucion,1000,1000
huerfanas,01_sp3_pseudohuerfanas.csv,n_targets,159.0,1.0,0.0,idéntico,distribucion,1000,1000
huerfanas,01_sp3_pseudohuerfanas.csv,rG,159.0,0.999709850377262,11848.562229210365,idéntico,distribucion,1000,1000
huerfanas,01_sp3_pseudohuerfanas.csv,rSS,159.0,0.999847723465814,538.7628232005591,idéntico,distribucion,1000,1000
huerfanas,01_sp3_pseudohuerfanas.csv,rank,159.0,0.999847723465814,538.7628232005591,idéntico,distribucion,1000,1000
huerfanas,01_sp3_pseudohuerfanas.csv,score,159.0,1.0,0.009989155752229167,idéntico,distribucion,1000,1000
huerfanas,01_sp3_pseudohuerfanas.csv,target_id,1000.0,0.9624822026219929,6087.0,explicado por el recorte,distribucion,1000,1000
huerfanas,01_sp4_pseudohuerfanas.csv,drug_id,153.0,0.26903760219147077,1101431.594771242,explicado por el recorte,distribucion,153,153
huerfanas,01_sp4_pseudohuerfanas.csv,frank,16.0,0.9986828512396695,0.02065344094084809,explicado por el recorte,distribucion,153,153
huerfanas,01_sp4_pseudohuerfanas.csv,n_semilla,153.0,1.0,2.6666666666666665,idéntico,distribucion,153,153
huerfanas,01_sp4_pseudohuerfanas.csv,n_targets,16.0,1.0,0.0,idéntico,distribucion,153,153
huerfanas,01_sp4_pseudohuerfanas.csv,rG,16.0,0.9980391946912367,6685.97767857142,explicado por el recorte,distribucion,153,153
huerfanas,01_sp4_pseudohuerfanas.csv,rSS,16.0,0.9986828512396694,397.3928571428569,explicado por el recorte,distribucion,153,153
huerfanas,01_sp4_pseudohuerfanas.csv,rank,16.0,0.9986828512396694,397.3928571428569,explicado por el recorte,distribucion,153,153
huerfanas,01_sp4_pseudohuerfanas.csv,score,16.0,1.0,0.00026889086630445,idéntico,distribucion,153,153
huerfanas,01_sp4_pseudohuerfanas.csv,target_id,153.0,1.0,0.0,idéntico,distribucion,153,153
huerfanas,01_sp5_pseudohuerfanas.csv,drug_id,38.0,0.21339313178296448,1630256.5,explicado por el recorte,distribucion,38,38
huerfanas,01_sp5_pseudohuerfanas.csv,frank,11.0,0.9968210717529518,0.03255289520721616,explicado por el recorte,distribucion,38,38
huerfanas,01_sp5_pseudohuerfanas.csv,n_semilla,38.0,0.0,3.0,explicado por el recorte,distribucion,38,38
huerfanas,01_sp5_pseudohuerfanas.csv,n_targets,11.0,1.0,0.0,idéntico,distribucion,38,38
huerfanas,01_sp5_pseudohuerfanas.csv,rG,11.0,0.9983612027933859,12433.25946969699,explicado por el recorte,distribucion,38,38
huerfanas,01_sp5_pseudohuerfanas.csv,rSS,11.0,0.9968210717529519,71.19318181818187,explicado por el recorte,distribucion,38,38
huerfanas,01_sp5_pseudohuerfanas.csv,rank,11.0,0.9968210717529519,71.19318181818187,explicado por el recorte,distribucion,38,38
huerfanas,01_sp5_pseudohuerfanas.csv,score,11.0,1.0,0.0019898457443990186,idéntico,distribucion,38,38
huerfanas,01_sp5_pseudohuerfanas.csv,target_id,38.0,1.0,0.0,idéntico,distribucion,38,38
huerfanas,01_sp9_pseudohuerfanas.csv,drug_id,501.0,0.7669353877150762,95780.0,explicado por el recorte,distribucion,501,501
huerfanas,01_sp9_pseudohuerfanas.csv,frank,115.0,0.9952536766027832,0.0065799649197617605,explicado por el recorte,distribucion,501,501
huerfanas,01_sp9_pseudohuerfanas.csv,n_semilla,501.0,1.0,0.8602794411177648,idéntico,distribucion,501,501
huerfanas,01_sp9_pseudohuerfanas.csv,n_targets,115.0,1.0,0.0,idéntico,distribucion,501,501
huerfanas,01_sp9_pseudohuerfanas.csv,rG,115.0,0.9981826735667719,2346.387527768966,explicado por el recorte,distribucion,501,501
huerfanas,01_sp9_pseudohuerfanas.csv,rSS,115.0,0.9952536766027831,180.45553792446844,explicado por el recorte,distribucion,501,501
huerfanas,01_sp9_pseudohuerfanas.csv,rank,115.0,0.9952536766027831,180.45553792446844,explicado por el recorte,distribucion,501,501
huerfanas,01_sp9_pseudohuerfanas.csv,score,115.0,1.0,2.3991967602636884e-05,idéntico,distribucion,501,501
huerfanas,01_sp9_pseudohuerfanas.csv,target_id,501.0,1.0,0.0,idéntico,distribucion,501,501
huerfanas,03_clases_inferencia.csv,n,27.0,0.5573770491803278,37.978835978835974,explicado por el recorte,distribucion,28,27
huerfanas,03_clases_inferencia.csv,rG_mediana,27.0,0.9968393798445433,3574.2833994708926,explicado por el recorte,distribucion,28,27
huerfanas,03_clases_inferencia.csv,rSS_mediana,27.0,0.9495876855415063,117.16765873015856,explicado por el recorte,distribucion,28,27
huerfanas,03_curva_recuperacion.csv,l,1000.0,1.0,0.0,idéntico,fila,1000,1000
huerfanas,03_curva_recuperacion.csv,lambda,1000.0,0.843,7.0,explicado por el recorte,fila,1000,1000
huerfanas,03_curva_recuperacion.csv,lambda_suave,1000.0,0.0,2.4447804107703055,explicado por el recorte,fila,1000,1000
huerfanas,03_curva_recuperacion.csv,rho,1000.0,0.0,30.0,explicado por el recorte,fila,1000,1000
huerfanas,03_ranking_global.csv,drug_id,1312.0,0.9916225846338448,454424.06671093934,explicado por el recorte,distribucion,2424,1312
huerfanas,03_ranking_global.csv,frank,1312.0,0.9992197170105366,0.02458072678254336,idéntico,distribucion,2424,1312
huerfanas,03_ranking_global.csv,grupo,1312.0,1.0,0.24686820816227972,idéntico,distribucion,2424,1312
huerfanas,03_ranking_global.csv,n_semilla,1312.0,0.8,1.0,explicado por el recorte,distribucion,2424,1312
huerfanas,03_ranking_global.csv,n_targets,1312.0,1.0,666.3873762376243,idéntico,distribucion,2424,1312
huerfanas,03_ranking_global.csv,rG,1312.0,0.9980962126210063,8982.548777972319,explicado por el recorte,distribucion,2424,1312
huerfanas,03_ranking_global.csv,rSS,1312.0,0.9998364141992475,16.115400869354744,idéntico,distribucion,2424,1312
huerfanas,03_ranking_global.csv,rank,1312.0,0.9998364141992475,16.115400869354744,idéntico,distribucion,2424,1312
huerfanas,03_ranking_global.csv,score,1312.0,1.0,0.00849757278187408,idéntico,distribucion,2424,1312
huerfanas,03_ranking_global.csv,target_id,1312.0,0.9858417203609771,5507.87925370282,explicado por el recorte,distribucion,2424,1312
huerfanas,03_rg_estrella.csv,desde,1.0,1.0,0.0,idéntico,fila,1,1
huerfanas,03_rg_estrella.csv,k_sigma,1.0,1.0,0.0,idéntico,fila,1,1
huerfanas,03_rg_estrella.csv,lambda_inf,1.0,0.0,0.023549835916005,explicado por el recorte,fila,1,1
huerfanas,03_rg_estrella.csv,r_g_estrella,1.0,0.0,20.0,explicado por el recorte,fila,1,1
huerfanas,03_rg_estrella.csv,sigma,1.0,0.0,0.025282249817915214,explicado por el recorte,fila,1,1
huerfanas,03_rg_estrella.csv,umbral,1.0,0.0,0.09939658536975077,explicado por el recorte,fila,1,1
huerfanas,03_rss_distribucion.csv,frac_acumulada,668.0,0.0,0.24593747484504547,explicado por el recorte,fila,1085,668
huerfanas,03_rss_distribucion.csv,n,668.0,0.4625748502994012,64.0,explicado por el recorte,fila,1085,668
huerfanas,03_rss_distribucion.csv,posicion,668.0,0.017964071856287425,6819.0,explicado por el recorte,fila,1085,668
huerfanas,04_sp26_compuestos.csv,drug_id,3.0,0.0,646301.0,explicado por el recorte,fila,3,32
huerfanas,04_sp26_compuestos.csv,tratable,3.0,1.0,0.0,idéntico,fila,3,32
huerfanas,04_sp26_embudo.csv,n,3.0,0.0,59.0,explicado por el recorte,fila,3,3
huerfanas,04_sp26_sugerencias.csv,-,,,,vacía de un lado,-,0,2
