l,rho,lambda,lambda_suave
1,5.0,5.0,4.053018264324026
2,9.0,4.0,4.544871352530224
3,13.0,4.0,5.109565541277275
4,17.0,4.0,5.565791902136858
5,24.0,7.0,5.73224150668064
6,33.0,9.0,5.4814848445853706
7,39.0,6.0,4.901610077948072
8,40.0,1.0,4.134584786970836
9,43.0,3.0,3.322376551855758
10,47.0,4.0,2.589646530599076
11,48.0,1.0,1.9918301923736064
12,48.0,0.0,1.567056584146314
13,50.0,2.0,1.3534547528841607
14,53.0,3.0,1.372000782452962
15,54.0,1.0,1.5750589043139402
16,56.0,2.0,1.8978403868271692
17,56.0,0.0,2.2755564983527234
18,58.0,2.0,2.640620473367155
19,62.0,4.0,2.9142534108129308
20,68.0,6.0,3.0148783757489945
21,71.0,3.0,2.8609184332342914
22,73.0,2.0,2.4175022797929118
23,74.0,1.0,1.8365811378095311
24,75.0,1.0,1.292328188396145
25,75.0,0.0,0.8609819217134536
26,75.0,0.0,0.5811759045290058
27,76.0,1.0,0.4390587009890606
28,77.0,1.0,0.4076576245845528
29,78.0,1.0,0.4599999888064173
30,79.0,1.0,0.5691131071455892
31,79.0,0.0,0.7080242930930037
32,79.0,0.0,0.8497608601395953
33,80.0,1.0,0.9673501217762996
34,80.0,0.0,1.0399361190830567
35,84.0,4.0,1.0711298034958308
36,84.0,0.0,1.07065885403959
37,85.0,1.0,1.0482509497393036
38,85.0,0.0,1.0136337696199402
39,86.0,1.0,0.9765349927064696
40,89.0,3.0,0.9466822980238602
41,89.0,0.0,0.933803364597081
42,89.0,0.0,0.9444795657406104
43,90.0,1.0,0.9727070519269652
44,91.0,1.0,1.0093356679181713
45,93.0,2.0,1.0452152584762544
46,94.0,1.0,1.0711956683632406
47,95.0,1.0,1.078126742341156
48,95.0,0.0,1.0568583251720265
49,98.0,3.0,0.9982402616178776
50,98.0,0.0,0.8974953772689728
51,98.0,0.0,0.7673384210285203
52,98.0,0.0,0.6248571226279659
53,100.0,2.0,0.4871392117987551
54,100.0,0.0,0.3712724182723334
55,101.0,1.0,0.2943444717801463
56,101.0,0.0,0.2734431020536394
57,101.0,0.0,0.325656038824258
58,101.0,0.0,0.4584322743527282
59,101.0,0.0,0.6406658510168968
60,101.0,0.0,0.8316120737238907
61,105.0,4.0,0.9905262473808374
62,105.0,0.0,1.0808397101713534
63,106.0,1.0,1.082687933385012
64,107.0,1.0,0.9803824215878773
65,108.0,1.0,0.7728893781995625
66,108.0,0.0,0.5177938020538858
67,109.0,1.0,0.2873353908382157
68,109.0,0.0,0.153753842239921
69,109.0,0.0,0.1669361147235027
70,109.0,0.0,0.2873582098619916
71,109.0,0.0,0.4531433900055509
72,109.0,0.0,0.6024149175043436
73,110.0,1.0,0.6859434966088108
74,111.0,1.0,0.7050895991705033
75,114.0,3.0,0.6738611389412495
76,114.0,0.0,0.6062660296728786
77,114.0,0.0,0.5159045696650386
78,114.0,0.0,0.4147465954086567
79,114.0,0.0,0.3143543279424809
80,114.0,0.0,0.2262899883052578
81,114.0,0.0,0.1597906973228844
82,114.0,0.0,0.1147931749698548
83,114.0,0.0,0.0889090410078128
84,114.0,0.0,0.0797499151984021
85,114.0,0.0,0.0849274173032665
86,115.0,1.0,0.1020531670840496
87,115.0,0.0,0.1287387843023953
88,116.0,1.0,0.1625958887199472
89,116.0,0.0,0.201236100098349
90,116.0,0.0,0.2422710381992443
91,116.0,0.0,0.2833123227842772
92,116.0,0.0,0.3219715736150912
93,117.0,1.0,0.3558604104533299
94,117.0,0.0,0.3825904530606372
95,118.0,1.0,0.3997733211986568
96,118.0,0.0,0.4056806609328678
97,118.0,0.0,0.4012242235440919
98,119.0,1.0,0.3879757866169864
99,119.0,0.0,0.3675071277362081
100,119.0,0.0,0.3413900244864142
101,119.0,0.0,0.3111962544522619
102,119.0,0.0,0.2784975952184082
103,119.0,0.0,0.2448658243695103
104,120.0,1.0,0.2118727194902251
105,121.0,1.0,0.1810900581652101
106,121.0,0.0,0.1540896179791221
107,121.0,0.0,0.1324431765166183
108,121.0,0.0,0.1177225113623558
109,121.0,0.0,0.1114994001009919
110,122.0,1.0,0.1153456203171833
111,122.0,0.0,0.1308329495955874
112,122.0,0.0,0.1587407372815014
113,122.0,0.0,0.1966786197627824
114,122.0,0.0,0.2414638051879277
115,122.0,0.0,0.2899135017054345
116,122.0,0.0,0.3388449174638004
117,122.0,0.0,0.3850752606115226
118,123.0,1.0,0.4254217392970982
119,123.0,0.0,0.4567015616690247
120,123.0,0.0,0.4765422214539264
121,124.0,1.0,0.4858123546909368
122,125.0,1.0,0.4861908829973166
123,127.0,2.0,0.4793567279903266
124,127.0,0.0,0.4669888112872268
125,127.0,0.0,0.4507660545052785
126,127.0,0.0,0.4323673792617419
127,128.0,1.0,0.413214673626081
128,128.0,0.0,0.3937016914765719
129,129.0,1.0,0.3739651531436939
130,129.0,0.0,0.3541417789579265
131,129.0,0.0,0.334368289249749
132,129.0,0.0,0.3147814043496406
133,129.0,0.0,0.2955178445880808
134,130.0,1.0,0.276714330295549
135,130.0,0.0,0.2585075818025245
136,130.0,0.0,0.2410343194394867
137,130.0,0.0,0.2244312635369148
138,130.0,0.0,0.2088351344252883
139,131.0,1.0,0.1943826524350866
140,131.0,0.0,0.1812105378967889
141,131.0,0.0,0.1694555111408746
142,131.0,0.0,0.1592542924978231
143,131.0,0.0,0.1507012328326611
144,132.0,1.0,0.1437212051486043
145,132.0,0.0,0.138196712983416
146,133.0,1.0,0.1340102598748593
147,133.0,0.0,0.1310443493606974
148,133.0,0.0,0.1291814849786934
149,133.0,0.0,0.1283041702666105
150,133.0,0.0,0.1282949087622119
151,133.0,0.0,0.1290362040032606
152,133.0,0.0,0.13041055952752
153,133.0,0.0,0.132300478872753
154,133.0,0.0,0.134588465576723
155,133.0,0.0,0.1371570231771929
156,133.0,0.0,0.1398886552119261
157,133.0,0.0,0.1426658652186857
158,134.0,1.0,0.1453711567352348
159,134.0,0.0,0.1479065313894137
160,134.0,0.0,0.1502519831693715
161,134.0,0.0,0.1524070041533345
162,134.0,0.0,0.1543710864195288
163,134.0,0.0,0.1561437220461806
164,134.0,0.0,0.1577244031115162
165,134.0,0.0,0.1591126216937617
166,134.0,0.0,0.1603078698711435
167,134.0,0.0,0.1613096397218876
168,134.0,0.0,0.1621174233242204
169,135.0,1.0,0.162730712756368
170,135.0,0.0,0.1631490000965566
171,136.0,1.0,0.1633717774230126
172,136.0,0.0,0.163398536813962
173,136.0,0.0,0.1632287703476311
174,136.0,0.0,0.1628619701022461
175,136.0,0.0,0.1622976281560332
176,136.0,0.0,0.1615352365872187
177,136.0,0.0,0.1605742874740288
178,136.0,0.0,0.1594142728946896
179,137.0,1.0,0.1580546849274274
180,137.0,0.0,0.1564950156504685
181,137.0,0.0,0.1547347571420389
182,138.0,1.0,0.152773401480365
183,138.0,0.0,0.150610440743673
184,139.0,1.0,0.1482453670101889
185,139.0,0.0,0.1456776723581392
186,139.0,0.0,0.14290684886575
187,139.0,0.0,0.1399323886112475
188,139.0,0.0,0.1367537836728579
189,139.0,0.0,0.1333705261288075
190,139.0,0.0,0.1297880759050513
191,139.0,0.0,0.1260357643184593
192,139.0,0.0,0.1221488905336309
193,139.0,0.0,0.1181627537151649
194,139.0,0.0,0.1141126530276603
195,139.0,0.0,0.1100338876357162
196,140.0,1.0,0.1059617567039316
197,140.0,0.0,0.1019315593969055
198,140.0,0.0,0.097978594879237
199,140.0,0.0,0.0941381623155251
200,140.0,0.0,0.0904455608703688
201,140.0,0.0,0.0869360897083671
202,140.0,0.0,0.083645047994119
203,140.0,0.0,0.0806077348922237
204,140.0,0.0,0.07785944956728
205,140.0,0.0,0.0754354911838871
206,140.0,0.0,0.0733711589066439
207,140.0,0.0,0.0717017519001494
208,140.0,0.0,0.0704625693290028
209,140.0,0.0,0.0696889103578031
210,140.0,0.0,0.0694160741511491
211,140.0,0.0,0.06967935987364
212,140.0,0.0,0.0705140666898749
213,140.0,0.0,0.0719554937644526
214,140.0,0.0,0.0740389402619723
215,140.0,0.0,0.0767997053470329
216,140.0,0.0,0.0802730881842336
217,140.0,0.0,0.0844943879381733
218,140.0,0.0,0.089498903773451
219,140.0,0.0,0.0953219348546658
220,140.0,0.0,0.1019987803464166
221,141.0,1.0,0.1095304328030989
222,141.0,0.0,0.1177806583382933
223,141.0,0.0,0.1265789164553767
224,141.0,0.0,0.1357546666577262
225,142.0,1.0,0.1451373684487186
226,142.0,0.0,0.154556481331731
227,142.0,0.0,0.1638414648101402
228,142.0,0.0,0.1728217783873234
229,142.0,0.0,0.1813268815666574
230,143.0,1.0,0.1891862338515192
231,145.0,2.0,0.1962292947452858
232,145.0,0.0,0.202285523751334
233,145.0,0.0,0.2071843803730411
234,145.0,0.0,0.2107553241137837
235,145.0,0.0,0.2128278144769391
236,145.0,0.0,0.213231310965884
237,145.0,0.0,0.2118533314386782
238,145.0,0.0,0.2088136271721123
239,145.0,0.0,0.2042900077976594
240,145.0,0.0,0.198460282946793
241,145.0,0.0,0.1915022622509863
242,145.0,0.0,0.1835937553417126
243,145.0,0.0,0.174912571850445
244,145.0,0.0,0.1656365214086571
245,145.0,0.0,0.1559434136478219
246,145.0,0.0,0.1460110581994128
247,145.0,0.0,0.1360172646949031
248,145.0,0.0,0.1261398427657661
249,145.0,0.0,0.1165566020434749
250,145.0,0.0,0.107445352159503
251,146.0,1.0,0.0989839027453236
252,146.0,0.0,0.0913152244252531
253,146.0,0.0,0.0844429317949803
254,147.0,1.0,0.0783358004430371
255,147.0,0.0,0.0729626059579555
256,147.0,0.0,0.0682921239282674
257,147.0,0.0,0.0642931299425048
258,147.0,0.0,0.0609343995891996
259,147.0,0.0,0.0581847084568837
260,147.0,0.0,0.056012832134089
261,147.0,0.0,0.0543875462093476
262,147.0,0.0,0.0532776262711913
263,147.0,0.0,0.052651847908152
264,147.0,0.0,0.0524789867087618
265,148.0,1.0,0.0527278182615525
266,148.0,0.0,0.0533671181550561
267,148.0,0.0,0.0543656619778045
268,148.0,0.0,0.0556922253183297
269,148.0,0.0,0.0573155837651635
270,148.0,0.0,0.059204512906838
271,148.0,0.0,0.061327788331885
272,148.0,0.0,0.0636541856288365
273,148.0,0.0,0.0661524803862245
274,148.0,0.0,0.0687914481925808
275,148.0,0.0,0.0715398646364374
276,148.0,0.0,0.0743665053063263
277,148.0,0.0,0.0772401457907793
278,148.0,0.0,0.0801295616783284
279,148.0,0.0,0.0830035285575056
280,148.0,0.0,0.0858308220168428
281,148.0,0.0,0.0885802176448719
282,148.0,0.0,0.0912204910301248
283,148.0,0.0,0.0937204177611336
284,148.0,0.0,0.0960544191597843
285,148.0,0.0,0.0982194994813797
286,148.0,0.0,0.1002183087145769
287,148.0,0.0,0.1020534968480329
288,149.0,1.0,0.1037277138704049
289,149.0,0.0,0.1052436097703496
290,150.0,1.0,0.1066038345365244
291,150.0,0.0,0.1078110381575862
292,150.0,0.0,0.108867870622192
293,150.0,0.0,0.1097769819189987
294,150.0,0.0,0.1105410220366636
295,150.0,0.0,0.1111626409638436
296,150.0,0.0,0.1116444886891958
297,150.0,0.0,0.1119892152013771
298,150.0,0.0,0.1121994704890447
299,150.0,0.0,0.1122779045408555
300,150.0,0.0,0.1122271673454667
301,150.0,0.0,0.1120499088915351
302,150.0,0.0,0.111748779167718
303,151.0,1.0,0.1113264281626722
304,151.0,0.0,0.1107855058650549
305,151.0,0.0,0.1101286622635231
306,151.0,0.0,0.1093585473467337
307,151.0,0.0,0.1084778111033439
308,152.0,1.0,0.1074891035220107
309,152.0,0.0,0.1063950745913911
310,152.0,0.0,0.1051983743001422
311,152.0,0.0,0.1039016526369209
312,152.0,0.0,0.1025075595903844
313,152.0,0.0,0.1010187451491896
314,152.0,0.0,0.0994378593019937
315,152.0,0.0,0.09776847151222
316,152.0,0.0,0.0960178291423584
317,152.0,0.0,0.0941940990296647
318,152.0,0.0,0.0923054480113952
319,152.0,0.0,0.0903600429248059
320,152.0,0.0,0.088366050607153
321,152.0,0.0,0.0863316378956926
322,152.0,0.0,0.0842649716276807
323,153.0,1.0,0.0821742186403735
324,153.0,0.0,0.0800675457710271
325,153.0,0.0,0.0779531198568975
326,153.0,0.0,0.0758391077352409
327,153.0,0.0,0.0737336762433134
328,153.0,0.0,0.0716449922183711
329,153.0,0.0,0.0695812224976701
330,153.0,0.0,0.0675505339184665
331,153.0,0.0,0.0655610933180164
332,153.0,0.0,0.0636210675335759
333,154.0,1.0,0.0617386234024012
334,154.0,0.0,0.0599219277617482
335,154.0,0.0,0.0581791474488732
336,154.0,0.0,0.0565184493010322
337,154.0,0.0,0.0549480001554813
338,154.0,0.0,0.0534759668494767
339,154.0,0.0,0.0521105162202744
340,154.0,0.0,0.0508598151051306
341,154.0,0.0,0.0497320303413013
342,154.0,0.0,0.0487353287660427
343,154.0,0.0,0.0478778772166108
344,154.0,0.0,0.0471678425302619
345,154.0,0.0,0.0466133915442518
346,154.0,0.0,0.0462199077387382
347,154.0,0.0,0.0459816411654838
348,154.0,0.0,0.0458900585191526
349,154.0,0.0,0.0459366264944088
350,154.0,0.0,0.0461128117859165
351,154.0,0.0,0.0464100810883398
352,154.0,0.0,0.0468199010963428
353,154.0,0.0,0.0473337385045895
354,154.0,0.0,0.0479430600077441
355,154.0,0.0,0.0486393323004707
356,154.0,0.0,0.0494140220774334
357,154.0,0.0,0.0502585960332962
358,154.0,0.0,0.0511645208627234
359,154.0,0.0,0.0521232632603789
360,154.0,0.0,0.0531262899209269
361,154.0,0.0,0.0541650675390315
362,154.0,0.0,0.0552310628093567
363,154.0,0.0,0.0563157424265668
364,154.0,0.0,0.0574105730853257
365,154.0,0.0,0.0585070214802977
366,154.0,0.0,0.0595965543061467
367,154.0,0.0,0.0606706382575369
368,154.0,0.0,0.0617207400291324
369,155.0,1.0,0.0627383263155972
370,156.0,1.0,0.0637148638115956
371,156.0,0.0,0.0646418192117915
372,156.0,0.0,0.0655106592108492
373,156.0,0.0,0.0663128505034326
374,156.0,0.0,0.0670398597842059
375,156.0,0.0,0.0676831537478332
376,157.0,1.0,0.0682341990889786
377,157.0,0.0,0.068686408114727
378,157.0,0.0,0.0690409755818471
379,157.0,0.0,0.069301041859528
380,157.0,0.0,0.0694697473169592
381,157.0,0.0,0.0695502323233301
382,157.0,0.0,0.0695456372478301
383,157.0,0.0,0.0694591024596484
384,157.0,0.0,0.0692937683279745
385,157.0,0.0,0.0690527752219977
386,157.0,0.0,0.0687392635109075
387,157.0,0.0,0.0683563735638931
388,157.0,0.0,0.0679072457501439
389,157.0,0.0,0.0673950204388493
390,157.0,0.0,0.0668228379991987
391,157.0,0.0,0.0661938388003814
392,157.0,0.0,0.0655111632115869
393,157.0,0.0,0.0647779516020044
394,157.0,0.0,0.0639973443408234
395,157.0,0.0,0.0631724817972331
396,157.0,0.0,0.0623065043404231
397,157.0,0.0,0.0614025523395826
398,158.0,1.0,0.060463766163901
399,158.0,0.0,0.0594932861825676
400,158.0,0.0,0.058494252764772
401,158.0,0.0,0.0574698062797033
402,158.0,0.0,0.056423087096551
403,158.0,0.0,0.0553572355845045
404,158.0,0.0,0.0542753921127531
405,158.0,0.0,0.0531806970504861
406,158.0,0.0,0.0520762907668931
407,158.0,0.0,0.0509653136311632
408,158.0,0.0,0.049850906012486
409,158.0,0.0,0.0487362082800506
410,158.0,0.0,0.0476243608030466
411,158.0,0.0,0.0465185039506634
412,158.0,0.0,0.0454217780920901
413,158.0,0.0,0.0443373235965163
414,158.0,0.0,0.0432682808331313
415,158.0,0.0,0.0422177901711244
416,158.0,0.0,0.0411889919796851
417,158.0,0.0,0.0401850266280027
418,158.0,0.0,0.0392090344852665
419,158.0,0.0,0.038264155920666
420,158.0,0.0,0.0373535313033904
421,158.0,0.0,0.0364803010026293
422,158.0,0.0,0.0356476053875718
423,158.0,0.0,0.0348585848274075
424,158.0,0.0,0.0341163796913256
425,158.0,0.0,0.0334241303485156
426,158.0,0.0,0.0327849771681668
427,158.0,0.0,0.0322020605194685
428,158.0,0.0,0.0316785207716102
429,158.0,0.0,0.0312174982937812
430,158.0,0.0,0.0308221334551709
431,158.0,0.0,0.0304955666249687
432,158.0,0.0,0.0302409381723638
433,158.0,0.0,0.0300613884665457
434,158.0,0.0,0.0299600578767038
435,158.0,0.0,0.0299400867720273
436,158.0,0.0,0.0300046155217058
437,158.0,0.0,0.0301567844949285
438,158.0,0.0,0.0303997340608848
439,158.0,0.0,0.0307366045887641
440,158.0,0.0,0.0311692553245534
441,158.0,0.0,0.0316944210214304
442,158.0,0.0,0.0323075553093702
443,158.0,0.0,0.0330041118183481
444,159.0,1.0,0.0337795441783395
445,159.0,0.0,0.0346293060193196
446,159.0,0.0,0.0355488509712636
447,159.0,0.0,0.0365336326641468
448,159.0,0.0,0.0375791047279445
449,159.0,0.0,0.0386807207926319
450,159.0,0.0,0.0398339344881844
451,159.0,0.0,0.0410341994445771
452,159.0,0.0,0.0422769692917854
453,159.0,0.0,0.0435576976597845
454,159.0,0.0,0.0448718381785496
455,159.0,0.0,0.0462148444780561
456,159.0,0.0,0.0475821701882792
457,159.0,0.0,0.0489692689391942
458,160.0,1.0,0.0503715943607763
459,160.0,0.0,0.0517846000830008
460,160.0,0.0,0.0532037397358429
461,160.0,0.0,0.0546244669492781
462,160.0,0.0,0.0560422353532814
463,160.0,0.0,0.0574524985778281
464,160.0,0.0,0.0588507102528936
465,160.0,0.0,0.0602323240084531
466,160.0,0.0,0.0615927934744819
467,161.0,1.0,0.0629275722809552
468,161.0,0.0,0.0642321140578482
469,161.0,0.0,0.0655018724351364
470,161.0,0.0,0.0667323010427949
471,161.0,0.0,0.0679188535107989
472,161.0,0.0,0.0690569834691238
473,161.0,0.0,0.0701421445477449
474,161.0,0.0,0.0711697903766373
475,161.0,0.0,0.0721353745857764
476,161.0,0.0,0.0730343508051374
477,161.0,0.0,0.0738621726646956
478,161.0,0.0,0.0746142937944262
479,161.0,0.0,0.0752861678243046
480,162.0,1.0,0.0758732483843059
481,162.0,0.0,0.0763709891044055
482,162.0,0.0,0.0767748436145786
483,162.0,0.0,0.0770802655448005
484,162.0,0.0,0.0772827085250464
485,162.0,0.0,0.0773776261852917
486,162.0,0.0,0.0773604721555115
487,162.0,0.0,0.0772267000656811
488,162.0,0.0,0.0769717635457759
489,162.0,0.0,0.0765911162257711
490,162.0,0.0,0.0760802117356419
491,162.0,0.0,0.0754345037053636
492,162.0,0.0,0.0746494457649114
493,162.0,0.0,0.0737204915442608
494,162.0,0.0,0.0726430946733868
495,162.0,0.0,0.0714127087822648
496,162.0,0.0,0.07002478750087
497,162.0,0.0,0.0684747844591777
498,162.0,0.0,0.0667581532871632
499,162.0,0.0,0.0648703476148017
500,163.0,1.0,0.0628068210720686
501,163.0,0.0,0.0605630272889389
502,163.0,0.0,0.0581385577827184
503,163.0,0.0,0.0555495556200334
504,163.0,0.0,0.0528163017548407
505,163.0,0.0,0.0499590771410969
506,163.0,0.0,0.0469981627327589
507,163.0,0.0,0.0439538394837832
508,163.0,0.0,0.0408463883481267
509,163.0,0.0,0.037696090279746
510,163.0,0.0,0.0345232262325978
511,163.0,0.0,0.031348077160639
512,163.0,0.0,0.0281909240178261
513,163.0,0.0,0.025072047758116
514,163.0,0.0,0.0220117293354652
515,163.0,0.0,0.0190302497038306
516,163.0,0.0,0.0161478898171689
517,163.0,0.0,0.0133849306294367
518,163.0,0.0,0.0107616530945908
519,163.0,0.0,0.0082983381665879
520,163.0,0.0,0.0060152667993847
521,163.0,0.0,0.003932719946938
522,163.0,0.0,0.0020709785632044
523,163.0,0.0,0.0004503236021407
524,163.0,0.0,0.0
525,163.0,0.0,0.0
526,163.0,0.0,0.0
527,163.0,0.0,0.0
528,163.0,0.0,0.0
529,163.0,0.0,0.0
530,163.0,0.0,0.0
531,163.0,0.0,0.0
532,163.0,0.0,5.967537556909874e-05
533,163.0,0.0,0.0019653371088233
534,163.0,0.0,0.0043265268993136
535,163.0,0.0,0.0071202814062077
536,163.0,0.0,0.0103149884297157
537,163.0,0.0,0.0138790357700478
538,163.0,0.0,0.0177808112274141
539,163.0,0.0,0.0219887026020247
540,163.0,0.0,0.0264710976940896
541,163.0,0.0,0.031196384303819
542,163.0,0.0,0.036132950231423
543,163.0,0.0,0.0412491832771117
544,163.0,0.0,0.0465134712410952
545,163.0,0.0,0.0518942019235837
546,163.0,0.0,0.0573597631247871
547,163.0,0.0,0.0628785426449156
548,163.0,0.0,0.0684189282841795
549,163.0,0.0,0.0739493078427887
550,163.0,0.0,0.0794380691209533
551,163.0,0.0,0.0848535999188834
552,163.0,0.0,0.0901642880367893
553,164.0,1.0,0.0953385212748809
554,165.0,1.0,0.1003446874333683
555,166.0,1.0,0.1051511743124618
556,166.0,0.0,0.1097263697123713
557,166.0,0.0,0.1140386614333071
558,166.0,0.0,0.1180564372754791
559,166.0,0.0,0.1217480850390976
560,166.0,0.0,0.1250819925243726
561,166.0,0.0,0.1280265475315142
562,166.0,0.0,0.1305501378607325
563,166.0,0.0,0.1326211513122377
564,166.0,0.0,0.1342079756862398
565,166.0,0.0,0.135288167699094
566,166.0,0.0,0.1358759597317348
567,166.0,0.0,0.135994753081242
568,166.0,0.0,0.1356679490446953
569,166.0,0.0,0.1349189489191743
570,166.0,0.0,0.1337711540017587
571,166.0,0.0,0.1322479655895282
572,166.0,0.0,0.1303727849795624
573,166.0,0.0,0.128169013468941
574,166.0,0.0,0.1256600523547437
575,167.0,1.0,0.1228693029340502
576,167.0,0.0,0.11982016650394
577,167.0,0.0,0.1165360443614929
578,167.0,0.0,0.1130403378037886
579,167.0,0.0,0.1093564481279067
580,167.0,0.0,0.1055077766309269
581,167.0,0.0,0.1015177246099288
582,167.0,0.0,0.0974096933619922
583,167.0,0.0,0.0932070841841967
584,168.0,1.0,0.0889332983736219
585,168.0,0.0,0.0846117372273476
586,168.0,0.0,0.0802658020424533
587,168.0,0.0,0.0759188941160189
588,168.0,0.0,0.0715944147451239
589,168.0,0.0,0.0673157652268479
590,168.0,0.0,0.0631063468582708
591,168.0,0.0,0.0589895609364721
592,168.0,0.0,0.0549888087585315
593,168.0,0.0,0.0511274916215288
594,168.0,0.0,0.0474290108225434
595,168.0,0.0,0.0439167676586552
596,169.0,1.0,0.0406091324622856
597,169.0,0.0,0.0375043517072227
598,169.0,0.0,0.0345956409025969
599,169.0,0.0,0.0318762155575381
600,169.0,0.0,0.0293392911811764
601,169.0,0.0,0.0269780832826419
602,169.0,0.0,0.0247858073710646
603,169.0,0.0,0.0227556789555748
604,169.0,0.0,0.0208809135453023
605,169.0,0.0,0.0191547266493774
606,169.0,0.0,0.0175703337769301
607,169.0,0.0,0.0161209504370904
608,169.0,0.0,0.0147997921389886
609,169.0,0.0,0.0136000743917545
610,169.0,0.0,0.0125150127045184
611,169.0,0.0,0.0115378225864103
612,169.0,0.0,0.0106617195465603
613,169.0,0.0,0.0098799190940984
614,169.0,0.0,0.0091856367381548
615,169.0,0.0,0.0085720879878595
616,169.0,0.0,0.0080324883523426
617,169.0,0.0,0.0075600533407343
618,169.0,0.0,0.0071479984621644
619,169.0,0.0,0.0067895392257633
620,169.0,0.0,0.0064778911406608
621,169.0,0.0,0.0062062697159872
622,169.0,0.0,0.0059678904608724
623,169.0,0.0,0.0057559688844467
624,169.0,0.0,0.0055637204958399
625,169.0,0.0,0.0053843608041823
626,169.0,0.0,0.005211105318604
627,169.0,0.0,0.0050383226822739
628,169.0,0.0,0.004864994074517
629,169.0,0.0,0.0046912538086974
630,169.0,0.0,0.004517236198179
631,169.0,0.0,0.0043430755563257
632,169.0,0.0,0.0041689061965016
633,169.0,0.0,0.0039948624320705
634,169.0,0.0,0.0038210785763965
635,169.0,0.0,0.0036476889428436
636,169.0,0.0,0.0034748278447756
637,169.0,0.0,0.0033026295955565
638,169.0,0.0,0.0031312285085504
639,169.0,0.0,0.0029607588971211
640,169.0,0.0,0.0027913550746327
641,169.0,0.0,0.0026231513544492
642,169.0,0.0,0.0024562820499343
643,169.0,0.0,0.0022908814744523
644,169.0,0.0,0.0021270839413669
645,169.0,0.0,0.0019650237640422
646,169.0,0.0,0.0018048352558422
647,169.0,0.0,0.0016466527301307
648,169.0,0.0,0.0014906105002719
649,169.0,0.0,0.0013368428796295
650,169.0,0.0,0.0011854841815677
651,169.0,0.0,0.0010366687194503
652,169.0,0.0,0.0008905308066414
653,169.0,0.0,0.0007472047565049
654,169.0,0.0,0.0006068248824047
655,169.0,0.0,0.0004695254977049
656,169.0,0.0,0.0003354409157693
657,169.0,0.0,0.000204705449962
658,169.0,0.0,7.745341364704056e-05
659,169.0,0.0,0.0
660,169.0,0.0,0.0
661,169.0,0.0,0.0
662,169.0,0.0,0.0
663,169.0,0.0,0.0
664,169.0,0.0,0.0
665,169.0,0.0,0.0
666,169.0,0.0,0.0
667,169.0,0.0,0.0
668,169.0,0.0,0.0
669,169.0,0.0,0.0
670,169.0,0.0,0.0
671,169.0,0.0,0.0
672,169.0,0.0,0.0
673,169.0,0.0,0.0
674,169.0,0.0,0.0
675,169.0,0.0,0.0
676,169.0,0.0,0.0
677,169.0,0.0,0.0
678,169.0,0.0,0.0
679,169.0,0.0,0.0
680,169.0,0.0,0.0
681,169.0,0.0,0.0
682,169.0,0.0,0.0
683,169.0,0.0,0.0
684,169.0,0.0,0.0
685,169.0,0.0,0.0
686,169.0,0.0,0.0
687,169.0,0.0,0.0
688,169.0,0.0,0.0
689,169.0,0.0,0.0
690,169.0,0.0,0.0
691,169.0,0.0,0.0
692,169.0,0.0,0.0
693,169.0,0.0,0.0
694,169.0,0.0,0.0
695,169.0,0.0,0.0
696,169.0,0.0,0.0
697,169.0,0.0,0.0
698,169.0,0.0,0.0
699,169.0,0.0,0.0
700,169.0,0.0,0.0
701,169.0,0.0,0.0
702,169.0,0.0,0.0
703,169.0,0.0,0.0001343525006245
704,169.0,0.0,0.0003125309673986
705,169.0,0.0,0.0005005055917713
706,169.0,0.0,0.0006984106871066
707,169.0,0.0,0.0009063805667684
708,169.0,0.0,0.0011245495441207
709,169.0,0.0,0.0013530519325274
710,169.0,0.0,0.0015920220453526
711,169.0,0.0,0.0018415941959602
712,169.0,0.0,0.0021019026977142
713,169.0,0.0,0.0023730818639785
714,169.0,0.0,0.0026552660081171
715,169.0,0.0,0.0029485894434939
716,169.0,0.0,0.003253186483473
717,169.0,0.0,0.0035691914414183
718,169.0,0.0,0.0038967386306937
719,169.0,0.0,0.0042359623646633
720,169.0,0.0,0.0045869969566909
721,169.0,0.0,0.0049499767201406
722,169.0,0.0,0.0053250359683763
723,169.0,0.0,0.005712309014762
724,169.0,0.0,0.0061119301726617
725,169.0,0.0,0.0065240337554392
726,169.0,0.0,0.0069487540764587
727,169.0,0.0,0.007386225449084
728,169.0,0.0,0.0078365821866791
729,169.0,0.0,0.008299958602608
730,169.0,0.0,0.0087764890102346
731,169.0,0.0,0.009266307722923
732,169.0,0.0,0.009769549054037
733,169.0,0.0,0.0102863473169406
734,169.0,0.0,0.0108168368249979
735,169.0,0.0,0.0113611518915727
736,169.0,0.0,0.0119194268300291
737,169.0,0.0,0.012491795953731
738,169.0,0.0,0.0130783935760423
739,169.0,0.0,0.0136793540103271
740,169.0,0.0,0.0142948115699493
741,169.0,0.0,0.0149249005682729
742,170.0,1.0,0.0155697553186617
743,170.0,0.0,0.0162295101344799
744,170.0,0.0,0.0169042993290913
745,170.0,0.0,0.01759425721586
746,170.0,0.0,0.0182995181081498
747,170.0,0.0,0.0190202163193248
748,170.0,0.0,0.019756486162749
749,170.0,0.0,0.0205084619517862
750,170.0,0.0,0.0212762779998005
751,170.0,0.0,0.0220600686201558
752,170.0,0.0,0.0228598076506543
753,170.0,0.0,0.0236748270268516
754,170.0,0.0,0.0245042982087411
755,170.0,0.0,0.0253473926563167
756,170.0,0.0,0.026203281829572
757,170.0,0.0,0.0270711371885007
758,170.0,0.0,0.0279501301930964
759,170.0,0.0,0.0288394323033529
760,170.0,0.0,0.0297382149792637
761,170.0,0.0,0.0306456496808226
762,170.0,0.0,0.0315609078680233
763,170.0,0.0,0.0324831610008595
764,170.0,0.0,0.0334115805393247
765,170.0,0.0,0.0343453379434128
766,170.0,0.0,0.0352836046731173
767,170.0,0.0,0.036225552188432
768,170.0,0.0,0.0371703519493505
769,170.0,0.0,0.0381171754158666
770,170.0,0.0,0.0390651940479738
771,170.0,0.0,0.0400135793056658
772,170.0,0.0,0.0409615026489364
773,170.0,0.0,0.0419081355377793
774,170.0,0.0,0.042852649432188
775,170.0,0.0,0.0437942157921563
776,170.0,0.0,0.0447320060776778
777,170.0,0.0,0.0456651917487463
778,170.0,0.0,0.0465929442653554
779,170.0,0.0,0.0475144350874988
780,171.0,1.0,0.0484288356751701
781,171.0,0.0,0.0493353174883631
782,171.0,0.0,0.0502330519870714
783,171.0,0.0,0.0511212106312887
784,171.0,0.0,0.0519989648810086
785,171.0,0.0,0.0528654861962249
786,171.0,0.0,0.0537199460369313
787,171.0,0.0,0.0545615158631213
788,171.0,0.0,0.0553893671347887
789,171.0,0.0,0.0562026713119272
790,171.0,0.0,0.0570005998545305
791,171.0,0.0,0.0577823242225921
792,171.0,0.0,0.0585470158761059
793,171.0,0.0,0.0592938462750654
794,171.0,0.0,0.0600219868794644
795,172.0,1.0,0.0607306091492965
796,172.0,0.0,0.0614188845445554
797,172.0,0.0,0.0620859845252348
798,172.0,0.0,0.0627310805513283
799,172.0,0.0,0.0633533440828297
800,172.0,0.0,0.0639519465797326
801,172.0,0.0,0.0645260595020307
802,172.0,0.0,0.0650748543097177
803,172.0,0.0,0.0655975024627872
804,172.0,0.0,0.066093175421233
805,172.0,0.0,0.0665610446450486
806,172.0,0.0,0.0670002815942279
807,172.0,0.0,0.0674100577287644
808,172.0,0.0,0.0677895445086518
809,172.0,0.0,0.0681379133938839
810,172.0,0.0,0.0684543358444542
811,172.0,0.0,0.0687379833203566
812,172.0,0.0,0.0689880272815846
813,172.0,0.0,0.0692036391881319
814,172.0,0.0,0.0693839904999922
815,172.0,0.0,0.0695285069161465
816,172.0,0.0,0.0696376310915249
817,172.0,0.0,0.069712059920045
818,172.0,0.0,0.0697524902956241
819,172.0,0.0,0.0697596191121798
820,172.0,0.0,0.0697341432636295
821,172.0,0.0,0.0696767596438907
822,172.0,0.0,0.0695881651468808
823,172.0,0.0,0.0694690566665174
824,172.0,0.0,0.0693201310967178
825,172.0,0.0,0.0691420853313996
826,172.0,0.0,0.0689356162644801
827,172.0,0.0,0.068701420789877
828,172.0,0.0,0.0684401958015076
829,172.0,0.0,0.0681526381932894
830,172.0,0.0,0.0678394448591398
831,172.0,0.0,0.0675013126929764
832,173.0,1.0,0.0671389385887166
833,173.0,0.0,0.0667530194402779
834,174.0,1.0,0.0663442521415778
835,174.0,0.0,0.0659133335865336
836,174.0,0.0,0.0654609606690629
837,174.0,0.0,0.0649878302830831
838,174.0,0.0,0.0644946393225118
839,174.0,0.0,0.0639820846812663
840,174.0,0.0,0.0634508632532641
841,174.0,0.0,0.0629016719324227
842,174.0,0.0,0.0623352076126596
843,175.0,1.0,0.0617521671878922
844,175.0,0.0,0.0611532475520381
845,175.0,0.0,0.0605391455990146
846,175.0,0.0,0.0599105582227392
847,175.0,0.0,0.0592681823171294
848,175.0,0.0,0.0586127147761027
849,175.0,0.0,0.0579448524935765
850,175.0,0.0,0.0572652923634683
851,175.0,0.0,0.0565747312796956
852,175.0,0.0,0.0558738661361758
853,175.0,0.0,0.0551633938268264
854,175.0,0.0,0.0544440112455648
855,176.0,1.0,0.0537164152863086
856,176.0,0.0,0.0529813028429751
857,176.0,0.0,0.0522393708094819
858,176.0,0.0,0.0514913160797465
859,176.0,0.0,0.0507378355476862
860,176.0,0.0,0.0499796261072185
861,176.0,0.0,0.049217384652261
862,176.0,0.0,0.0484518080767311
863,176.0,0.0,0.0476835932745462
864,176.0,0.0,0.0469134371396239
865,176.0,0.0,0.0461420365658815
866,176.0,0.0,0.0453700884472366
867,176.0,0.0,0.0445982896776066
868,176.0,0.0,0.043827337150909
869,177.0,1.0,0.0430579277610612
870,177.0,0.0,0.0422907584019807
871,177.0,0.0,0.0415265259675851
872,177.0,0.0,0.0407659273517916
873,177.0,0.0,0.0400096594485179
874,177.0,0.0,0.0392584191516814
875,177.0,0.0,0.0385129033551995
876,177.0,0.0,0.0377738089529897
877,177.0,0.0,0.0370417261808211
878,177.0,0.0,0.0363168186418693
879,177.0,0.0,0.0355991432811614
880,177.0,0.0,0.0348887570437247
881,177.0,0.0,0.0341857168745864
882,177.0,0.0,0.0334900797187737
883,177.0,0.0,0.0328019025213138
884,177.0,0.0,0.0321212422272338
885,177.0,0.0,0.031448155781561
886,177.0,0.0,0.0307827001293225
887,177.0,0.0,0.0301249322155456
888,177.0,0.0,0.0294749089852575
889,177.0,0.0,0.0288326873834853
890,177.0,0.0,0.0281983243552563
891,177.0,0.0,0.0275718768455977
892,177.0,0.0,0.0269534017995367
893,177.0,0.0,0.0263429561621004
894,177.0,0.0,0.025740596878316
895,177.0,0.0,0.0251463808932108
896,177.0,0.0,0.024560365151812
897,177.0,0.0,0.0239826065991467
898,177.0,0.0,0.0234131621802422
899,177.0,0.0,0.0228520888401256
900,177.0,0.0,0.0222994435238242
901,177.0,0.0,0.0217552831763652
902,177.0,0.0,0.0212196647427757
903,177.0,0.0,0.0206926451680829
904,177.0,0.0,0.0201742813973141
905,177.0,0.0,0.0196646303754965
906,177.0,0.0,0.0191637490476571
907,177.0,0.0,0.0186716943588234
908,177.0,0.0,0.0181885232540224
909,177.0,0.0,0.0177142926782813
910,177.0,0.0,0.0172490595766274
911,177.0,0.0,0.0167928808940878
912,177.0,0.0,0.0163458135756898
913,177.0,0.0,0.0159079145664605
914,177.0,0.0,0.0154792408114271
915,177.0,0.0,0.0150598492556169
916,177.0,0.0,0.014649796844057
917,177.0,0.0,0.0142491405217747
918,177.0,0.0,0.0138579372337971
919,177.0,0.0,0.0134762439251514
920,177.0,0.0,0.0131041175408649
921,177.0,0.0,0.0127416150259647
922,177.0,0.0,0.012388793325478
923,177.0,0.0,0.0120457093844321
924,177.0,0.0,0.0117124201478541
925,177.0,0.0,0.0113889825607712
926,177.0,0.0,0.0110754535682107
927,177.0,0.0,0.0107718901151996
928,177.0,0.0,0.0104783491467653
929,177.0,0.0,0.010194887607935
930,177.0,0.0,0.0099215624437357
931,177.0,0.0,0.0096584305991948
932,177.0,0.0,0.0094055490193394
933,177.0,0.0,0.0091629746491968
934,177.0,0.0,0.008930764433794
935,177.0,0.0,0.0087089753181584
936,177.0,0.0,0.0084976642473171
937,177.0,0.0,0.0082968881662973
938,177.0,0.0,0.0081067040201262
939,177.0,0.0,0.0079271687538311
940,177.0,0.0,0.007758339312439
941,177.0,0.0,0.0076002726409773
942,177.0,0.0,0.0074530256844731
943,177.0,0.0,0.0073166553879536
944,177.0,0.0,0.007191218696446
945,177.0,0.0,0.0070767725549775
946,177.0,0.0,0.0069733739085754
947,177.0,0.0,0.0068810797022667
948,177.0,0.0,0.0067999468810788
949,177.0,0.0,0.0067300323900387
950,177.0,0.0,0.0066713931741738
951,177.0,0.0,0.0066240861785111
952,177.0,0.0,0.006588168348078
953,177.0,0.0,0.0065636966279016
954,177.0,0.0,0.0065507279630091
955,177.0,0.0,0.0065493192984276
956,177.0,0.0,0.0065595275791845
957,177.0,0.0,0.0065814097503069
958,177.0,0.0,0.006615022756822
959,177.0,0.0,0.0066604235437569
960,177.0,0.0,0.006717669056139
961,177.0,0.0,0.0067868162389954
962,177.0,0.0,0.0068679220373532
963,177.0,0.0,0.0069610433962398
964,177.0,0.0,0.0070662372606822
965,178.0,1.0,0.0071835605757077
966,178.0,0.0,0.0073130702863436
967,178.0,0.0,0.0074548233376169
968,178.0,0.0,0.0076088766745549
969,178.0,0.0,0.0077752872421848
970,178.0,0.0,0.0079541119855338
971,178.0,0.0,0.008145407849629
972,178.0,0.0,0.0083492317794978
973,178.0,0.0,0.0085656407201672
974,178.0,0.0,0.0087946916166645
975,178.0,0.0,0.0090364414140169
976,178.0,0.0,0.0092909470572516
977,178.0,0.0,0.0095582654913958
978,178.0,0.0,0.0098384536614766
979,178.0,0.0,0.0101315685125213
980,178.0,0.0,0.0104376669895571
981,178.0,0.0,0.0107568060376112
982,178.0,0.0,0.0110890426017107
983,178.0,0.0,0.0114344336268829
984,178.0,0.0,0.011793036058155
985,178.0,0.0,0.0121649068405542
986,178.0,0.0,0.0125501029191076
987,178.0,0.0,0.0129486812388425
988,178.0,0.0,0.0133606987447861
989,178.0,0.0,0.0137862123819655
990,178.0,0.0,0.0142252790954081
991,178.0,0.0,0.0146779558301408
992,178.0,0.0,0.0151442995311911
993,178.0,0.0,0.015624367143586
994,178.0,0.0,0.0161182156123527
995,178.0,0.0,0.0166259018825186
996,178.0,0.0,0.0171474828991107
997,178.0,0.0,0.0176830156071562
998,178.0,0.0,0.0182325569516824
999,178.0,0.0,0.0187961638777165
1000,178.0,0.0,0.0193738933302857
