drug_id,especie,grupo,clase,rSS,frank,rG,n_semilla,n_targets,score,empate
70742,0,1,directa,2.5,0.0006137981831573,10.0,6,4073.0,0.0526315789473684,True
114940,0,3,directa,1.0,0.0002455192732629,16.0,2,4073.0,0.0221325507459036,False
130182,0,2,indirecta,1.0,0.0002455192732629,6.0,5,4073.0,0.0714285714285714,False
144216,0,3,directa,3.0,0.0007365578197888,4.0,12,4073.0,0.2396751231394228,False
146370,0,3,indirecta,1.0,0.0002455192732629,184.5,6,4073.0,0.0053191489361702,False
160656,0,0,directa,1.0,0.0002455192732629,7.0,2,4073.0,0.0769230769230769,False
189157,0,3,directa,1.0,0.0002455192732629,17.5,3,4073.0,0.0544910179640718,False
224943,0,3,indirecta,1.0,0.0002455192732629,16.0,2,4073.0,0.0110662753729518,False
227810,0,3,indirecta,10.5,0.0025779523692609,76.5,6,4073.0,0.0052518973406541,True
241997,0,2,directa,2.0,0.0004910385465259,97.0,100,4073.0,0.2307692307692307,False
255507,0,3,directa,2.0,0.0004910385465259,20.5,3,4073.0,0.0230856252568987,False
309211,0,1,directa,6.0,0.0014731156395777,469.0,355,4073.0,0.1011097079411968,False
331935,0,2,directa,1.0,0.0002455192732629,7.0,6,4073.0,0.0769230769230769,False
351985,0,3,directa,1.0,0.0002455192732629,1.0,4,4073.0,0.0848839269891901,False
362100,0,2,directa,1.0,0.0002455192732629,65.0,18,4073.0,0.0769230769230769,False
368474,0,1,directa,2.5,0.0006137981831573,10.0,6,4073.0,0.0526315789473684,True
406916,0,3,directa,1.0,0.0002455192732629,16.0,2,4073.0,0.0221325507459036,False
537326,0,3,directa,1.0,0.0002455192732629,1.0,5,4073.0,0.0848839269891901,False
553051,0,3,directa,2.0,0.0004910385465259,61.0,79,4073.0,0.0769230769230769,False
645645,0,3,indirecta,1.0,0.0002455192732629,2.0,7,4073.0,0.0781326263341129,False
673633,0,0,directa,1.0,0.0002455192732629,5.0,3,4073.0,0.1011097079411968,False
674618,0,3,directa,2.0,0.0004910385465259,19.5,4,4073.0,0.0461712505137975,False
675960,0,3,indirecta,40.0,0.009820770930518,2559.0,134,4073.0,0.0047169811320754,False
690917,0,0,directa,1.0,0.0002455192732629,7.0,2,4073.0,0.0769230769230769,False
718777,0,3,indirecta,8.0,0.0019641541861036,21.0,10,4073.0,0.0552001576574392,False
723511,0,1,directa,6.0,0.0014731156395777,469.0,355,4073.0,0.1011097079411968,False
765198,0,2,directa,2.0,0.0004910385465259,75.0,65,4073.0,0.1538461538461538,False
784870,0,0,directa,1.0,0.0002455192732629,5.0,3,4073.0,0.1011097079411968,False
8627,10,2,directa,1.0,0.0001641227638273,19.5,8,6093.0,1.3340743729122284,False
11300,10,2,indirecta,1.0,0.0001641227638273,6.0,5,6093.0,2.0,False
24567,10,2,directa,20.5,0.0033645166584605,1863.5,15,6093.0,0.0438678562120388,True
91528,10,0,directa,3.5,0.0005744296733957,67.0,3,6093.0,1.0,True
194341,10,3,indirecta,21.0,0.0034465780403741,1481.5,39,6093.0,1.2756661778987242,False
203682,10,3,indirecta,7.5,0.001230920728705,1273.0,44,6093.0,0.8440435611323232,True
220918,10,1,directa,57.0,0.0093549975381585,683.0,4,6093.0,0.0324210200182936,False
230621,10,3,directa,20.0,0.0032824552765468,590.5,8,6093.0,0.8052460257829788,False
269545,10,3,directa,20.0,0.0032824552765468,590.5,8,6093.0,0.8052460257829788,False
300965,10,2,directa,15.5,0.0025439028393238,1125.5,4,6093.0,0.0522236383476653,True
442959,10,2,directa,142.5,0.0233874938453963,7328.5,22,6093.0,0.0030821348043465,True
467838,10,2,directa,1.0,0.0001641227638273,19.5,5,6093.0,1.3340743729122284,False
586286,10,2,indirecta,3126.0,0.5130477597242737,190660.0,17,6093.0,0.0,False
598655,10,2,indirecta,2.5,0.0004103069095683,225.5,18,6093.0,1.7399999999999998,True
608951,10,3,indirecta,165.5,0.0271623174134252,9235.0,74,6093.0,0.0002567160125163,True
667495,10,3,directa,191.5,0.0314295092729361,9894.5,21,6093.0,0.0030821348043465,True
707683,10,2,directa,24.5,0.0040210077137699,1537.5,5,6093.0,0.0522236383476653,True
806160,10,0,indirecta,1.0,0.0001641227638273,19.5,3,6093.0,0.6670371864561142,False
284123,15,2,indirecta,13.0,0.0015058496467045,1137.5,3,8633.0,1.0086522404956965e-05,False
718920,15,2,indirecta,1.0,0.000115834588208,92.5,2,8633.0,0.0004851802980078,False
35379,17,2,directa,1.0,9.350163627863488e-05,1.0,13,10695.0,0.1886866091863306,False
35598,17,0,directa,1.0,9.350163627863488e-05,1.0,5,10695.0,0.1886866091863306,False
112077,17,2,indirecta,17.0,0.0015895278167367,567.5,83,10695.0,0.0315628815628815,False
183766,17,3,directa,7.5,0.0007012622720897,314.0,116,10695.0,0.1203225806451613,True
271656,17,2,indirecta,7.0,0.0006545114539504,109.0,12,10695.0,0.0294540229885057,False
285887,17,0,directa,1.0,9.350163627863488e-05,1.0,5,10695.0,0.1886866091863306,False
307865,17,2,directa,1.0,9.350163627863488e-05,1.0,2,10695.0,0.1886866091863306,False
349450,17,0,indirecta,388.0,0.0362786348761103,9448.0,64,10695.0,0.0001083603896103,False
411079,17,2,directa,3.5,0.0003272557269752,20.0,5,10695.0,0.0512820512820512,True
437539,17,2,directa,3.5,0.0003272557269752,20.0,5,10695.0,0.0512820512820512,True
491594,17,0,directa,1.0,9.350163627863488e-05,1.0,3,10695.0,0.1886866091863306,False
492982,17,3,directa,688.0,0.0643291257597007,17229.5,1626,10695.0,0.0136388997954165,False
499227,17,3,indirecta,32.5,0.0030388031790556,648.0,17,10695.0,0.0082644628099173,True
566551,17,2,directa,1.0,9.350163627863488e-05,6.0,14,10695.0,0.1886866091863306,False
566670,17,3,indirecta,37.0,0.0034595605423094,820.0,18,10695.0,0.0067432278666862,False
701517,17,2,indirecta,1.0,9.350163627863488e-05,27.0,11,10695.0,0.0294540229885057,False
725268,17,0,directa,1.0,9.350163627863488e-05,1.0,3,10695.0,0.1886866091863306,False
780432,17,2,indirecta,5.5,0.0005142589995324,182.0,10,10695.0,0.0256410256410256,True
9622,18,2,directa,11.0,0.0006048941435248,125.0,18,18185.0,0.0248236189461258,False
37620,18,2,indirecta,1513.5,0.0832279351113555,34253.5,842,18185.0,0.0007282423755257,True
38228,18,1,indirecta,746.5,0.0410503161946659,14113.0,381,18185.0,0.0002381296866305,True
82494,18,3,indirecta,128.5,0.0070662634039043,1550.0,2,18185.0,0.0002273301826184,True
106560,18,3,directa,1.0,5.499037668408029e-05,2.0,3,18185.0,0.1648821421169349,False
159872,18,3,directa,4.0,0.0002199615067363,438.0,377,18185.0,0.1368521779570559,False
213531,18,2,indirecta,184.5,0.0101457244982128,5683.0,7,18185.0,6.5164153949457145e-06,True
239676,18,2,directa,4.0,0.0002199615067363,79.0,11,18185.0,0.0248236189461258,False
320803,18,3,indirecta,31.0,0.0017047016772064,510.0,10,18185.0,0.0032731684347503,False
338891,18,3,directa,1.0,5.499037668408029e-05,1.5,5,18185.0,0.5,False
353672,18,0,indirecta,14.5,0.0007973604619191,258.0,2,18185.0,0.0004281117177948,True
374596,18,0,directa,1.0,5.499037668408029e-05,2.0,3,18185.0,0.1045494173350903,False
423114,18,2,indirecta,39.5,0.0021721198790211,426.5,20,18185.0,0.0037135643304241,True
427679,18,0,directa,6.0,0.0003299422601044,117.5,3,18185.0,0.0527091788240537,False
447652,18,3,indirecta,21.0,0.0011547979103656,535.0,3,18185.0,0.0015423439313917,False
450638,18,2,directa,2.0,0.0001099807533681,28.0,12,18185.0,0.0496472378922517,False
460227,18,3,directa,1.0,5.499037668408029e-05,2.0,6,18185.0,0.1648821421169349,False
492982,18,3,directa,910.0,0.050041242782513,14096.0,1626,18185.0,0.0122637573744617,False
522318,18,0,directa,1.0,5.499037668408029e-05,19.5,10,18185.0,0.0772704532929344,False
525049,18,2,indirecta,10011.0,0.5505086609843277,188069.5,18,18185.0,0.0,False
536138,18,3,directa,1.0,5.499037668408029e-05,2.0,4,18185.0,0.1384955255892935,False
578487,18,2,indirecta,7.5,0.0004124278251306,54.0,62,18185.0,0.0909090909090909,True
597073,18,3,indirecta,4.0,0.0002199615067363,68.0,11,18185.0,0.025,False
605672,18,3,directa,1.0,5.499037668408029e-05,1.5,6,18185.0,1.0,False
615530,18,2,indirecta,1078.5,0.0593071212537805,9415.0,10,18185.0,3.06323632834411e-09,True
619475,18,2,directa,2.0,0.0001099807533681,30.0,9,18185.0,0.0248236189461258,False
619512,18,1,indirecta,9100.0,0.5004124278251306,184311.0,2,18185.0,0.0,False
640201,18,3,indirecta,1264.0,0.0695078361286774,10847.0,25,18185.0,2.3484811850638185e-08,False
647383,18,0,indirecta,32.5,0.0017871872422326,487.0,5,18185.0,0.0009365162868028,True
675960,18,3,directa,87.0,0.0047841627715149,1486.5,134,18185.0,0.0140382168079262,False
679715,18,2,directa,86.0,0.0047291723948309,1201.5,99,18185.0,0.0140382168079262,False
680545,18,0,directa,6.0,0.0003299422601044,117.5,3,18185.0,0.0527091788240537,False
689510,18,1,indirecta,73.5,0.0040417926862799,1110.0,3,18185.0,0.000232243742993,True
705943,18,2,indirecta,9.5,0.0005224085784987,255.0,3,18185.0,0.0025614912819283,True
726671,18,2,indirecta,45.5,0.0025020621391256,508.0,31,18185.0,0.0120286946248943,True
747041,18,0,indirecta,4.5,0.0002474566950783,67.5,12,18185.0,0.0249339747217506,True
758141,18,0,directa,1.0,5.499037668408029e-05,2.0,3,18185.0,0.1045494173350903,False
793168,18,0,directa,6.0,0.0003299422601044,117.5,3,18185.0,0.0527091788240537,False
809033,18,3,directa,1.0,5.499037668408029e-05,2.0,3,18185.0,0.1648821421169349,False
18082,1,3,directa,1.5,0.000330906684315,9.0,2,4533.0,0.0666666666666666,True
47514,1,0,directa,1.0,0.00022060445621,141.5,11,4533.0,0.0047057029541396,False
56908,1,2,indirecta,3.0,0.00066181336863,51.5,25,4533.0,0.0777370784002667,False
71438,1,2,directa,3.0,0.00066181336863,138.0,301,4533.0,0.1721835653359841,False
112077,1,2,directa,10.0,0.0022060445621001,163.0,83,4533.0,0.0491089059208188,False
126064,1,3,indirecta,1.5,0.000330906684315,97.5,3,4533.0,0.0204439681183867,True
130624,1,3,directa,1.0,0.00022060445621,3.0,4,4533.0,0.1039914927814649,False
147537,1,3,indirecta,7.0,0.0015442311934701,199.5,12,4533.0,0.0097123998114097,False
151877,1,1,directa,1.5,0.000330906684315,8.0,2,4533.0,0.0666666666666666,True
158200,1,3,indirecta,1.5,0.000330906684315,8.0,2,4533.0,0.0492230223844069,True
197841,1,2,indirecta,15.0,0.0033090668431502,577.0,172,4533.0,0.0483091787439613,False
198999,1,3,indirecta,12.0,0.0026472534745201,261.5,3,4533.0,0.0009442870632672,False
229271,1,0,indirecta,63.5,0.0140083829693359,2630.5,5,4533.0,7.395382395382395e-05,True
234446,1,2,indirecta,1.0,0.00022060445621,2.0,22,4533.0,0.1137045462639864,False
252737,1,0,directa,1.0,0.00022060445621,141.5,11,4533.0,0.0047057029541396,False
286300,1,0,directa,1.0,0.00022060445621,13.0,11,4533.0,0.1026861611696701,False
321688,1,2,indirecta,1.0,0.00022060445621,13.5,2,4533.0,0.0298690671031096,False
321954,1,3,directa,1.0,0.00022060445621,4.0,7,4533.0,0.1453025267459453,False
344187,1,3,directa,1.0,0.00022060445621,4.0,7,4533.0,0.1039914927814649,False
473283,1,1,directa,1.5,0.000330906684315,8.0,2,4533.0,0.0666666666666666,True
483215,1,2,directa,1.5,0.000330906684315,42.5,6,4533.0,0.0188279857397504,True
489230,1,3,directa,9.5,0.0020957423339951,237.0,22,4533.0,0.0226145889067237,True
494101,1,3,indirecta,82.0,0.0180895654092212,3421.5,1682,4533.0,0.0748792270531401,False
513275,1,3,indirecta,27.5,0.0060666225457754,1686.0,49,4533.0,0.0034122607975785,True
514818,1,1,directa,2.0,0.00044120891242,18.5,2,4533.0,0.0170968737145207,False
553657,1,2,directa,1.0,0.00022060445621,61.5,6,4533.0,0.05,False
570229,1,0,directa,1.0,0.00022060445621,22.0,4,4533.0,0.0256410256410256,False
571535,1,0,directa,1.0,0.00022060445621,6.5,4,4533.0,0.0833333333333333,False
580449,1,2,directa,1.0,0.00022060445621,20.0,3,4533.0,0.0422619047619047,False
580745,1,0,directa,1.0,0.00022060445621,5.0,4,4533.0,0.05,False
623084,1,2,directa,1.0,0.00022060445621,9.0,7,4533.0,0.0323019381162869,False
641395,1,3,directa,5.5,0.001213324509155,37.0,84,4533.0,0.4560185185185185,True
682180,1,3,directa,5.0,0.00110302228105,200.0,181,4533.0,0.1721835653359841,False
696534,1,0,directa,6.0,0.00132362673726,85.0,90,4533.0,0.1239095151146277,False
715011,1,3,directa,2.0,0.00044120891242,23.5,42,4533.0,0.2283142389525368,False
726515,1,3,directa,1.0,0.00022060445621,2.0,3,4533.0,0.1039914927814649,False
734187,1,3,indirecta,3.0,0.00066181336863,314.5,22,4533.0,0.0085034013605442,False
750070,1,3,directa,2.5,0.000551511140525,117.5,10,4533.0,0.0188279857397504,True
766997,1,3,directa,1.5,0.000330906684315,9.0,5,4533.0,0.0666666666666666,True
807158,1,0,directa,1.0,0.00022060445621,22.0,4,4533.0,0.0256410256410256,False
3758,21,3,indirecta,161.5,0.0074375978631297,2408.5,19,21714.0,0.0033707865168539,True
8517,21,0,directa,11.0,0.0005065856129685,179.0,8,21714.0,0.0118287740628166,False
10806,21,0,directa,93.0,0.0042829510914617,1826.0,852,21714.0,0.0861830223878459,False
11300,21,2,directa,1.5,6.907985631389887e-05,6.0,5,21714.0,0.1428571428571428,True
15876,21,3,indirecta,42.5,0.0019572625955604,1103.0,121,21714.0,0.0144338200708407,True
37669,21,0,directa,4.5,0.0002072395689416,42.5,20,21714.0,0.0749131421023918,True
43361,21,2,directa,4.5,0.0002072395689416,10.5,6,21714.0,0.1123697131535877,True
100468,21,2,indirecta,1.5,6.907985631389887e-05,15.0,24,21714.0,0.1111111111111111,True
104326,21,2,directa,1.5,6.907985631389887e-05,6.0,5,21714.0,0.1428571428571428,True
130182,21,2,directa,1.5,6.907985631389887e-05,6.0,5,21714.0,0.0714285714285714,True
159854,21,2,directa,1.0,4.6053237542599246e-05,4.5,69,21714.0,0.375,False
192832,21,0,directa,1.0,4.6053237542599246e-05,20.0,3,21714.0,0.0308385731389455,False
198762,21,2,indirecta,387.5,0.0178456295477572,4228.5,5,21714.0,6.404589025101368e-05,True
198999,21,3,indirecta,21.0,0.0009671179883945,324.5,3,21714.0,0.0009442870632672,False
240680,21,2,indirecta,23.5,0.001082251082251,230.5,9,21714.0,0.0026881720430107,True
304902,21,2,directa,334.0,0.0153817813392281,5062.5,1666,21714.0,0.0666666666666666,False
320803,21,3,indirecta,68.0,0.0031316201528967,1166.5,10,21714.0,0.001307271734633,False
349040,21,3,indirecta,333.0,0.0153357281016855,4261.5,16,21714.0,0.000413029661908,False
375127,21,2,directa,4.5,0.0002072395689416,142.5,19,21714.0,0.0374565710511959,True
400147,21,1,directa,1.0,4.6053237542599246e-05,20.0,3,21714.0,0.0308385731389455,False
424195,21,3,indirecta,191.0,0.0087961683706364,1860.5,32,21714.0,0.003227259213153,False
467838,21,2,directa,9.0,0.0004144791378833,113.0,5,21714.0,0.0118287740628166,False
518224,21,0,directa,2.0,9.210647508519848e-05,98.0,27,21714.0,0.1176470588235294,False
518685,21,3,directa,2.0,9.210647508519848e-05,53.0,90,21714.0,0.1176470588235294,False
621308,21,2,directa,13.5,0.000621718706825,54.0,5,21714.0,0.0271914132379248,True
647090,21,2,directa,1.0,4.6053237542599246e-05,6.5,7,21714.0,0.1666666666666666,False
673030,21,3,directa,3.0,0.0001381597126277,226.0,39,21714.0,0.0588235294117647,False
691302,21,2,directa,1.0,4.6053237542599246e-05,6.5,7,21714.0,0.1666666666666666,False
723434,21,2,directa,1.0,4.6053237542599246e-05,4.5,58,21714.0,0.4770620726159657,False
761268,21,0,directa,7.5,0.0003453992815694,15.0,17,21714.0,0.3793103448275862,True
777824,21,2,directa,93.0,0.0042829510914617,1819.0,845,21714.0,0.0861830223878459,False
797298,21,3,directa,2.0,9.210647508519848e-05,104.0,41,21714.0,0.1176470588235294,False
806260,21,2,directa,1.5,6.907985631389887e-05,6.0,6,21714.0,0.2142857142857142,True
813653,21,2,directa,18.5,0.000851984894538,78.0,6,21714.0,0.0135957066189624,True
355292,22,3,directa,9.0,0.0006876528117359,217.5,6,13088.0,0.0060053115362404,False
492982,22,3,indirecta,380.0,0.0290342298288508,17921.0,1626,13088.0,0.0126582278481012,False
582507,22,3,directa,25.0,0.0019101466992665,338.5,16,13088.0,0.0075512057177528,False
586286,23,2,indirecta,4.0,0.0006093845216331,224.5,17,6564.0,0.0025760840510266,False
329786,25,1,indirecta,2.0,0.0003311258278145,55.0,5,6040.0,0.0112983670833738,False
390326,25,2,indirecta,4.0,0.0006622516556291,259.0,81,6040.0,0.0661065600177442,False
410272,25,2,indirecta,15.0,0.0024834437086092,1191.0,60,6040.0,0.0077160201973938,False
514874,25,2,indirecta,28.0,0.0046357615894039,2894.5,1458,6040.0,0.0748807539931726,False
561248,25,3,indirecta,1.0,0.0001655629139072,4.5,10,6040.0,0.25,False
679715,25,2,indirecta,35.0,0.0057947019867549,2232.0,99,6040.0,0.0042658927517768,False
33879,26,3,indirecta,2.0,0.0003639672429481,103.5,12,5495.0,0.019868007066029,False
44144,26,3,directa,1.0,0.000181983621474,39.5,8,5495.0,0.0218329747978341,False
87563,26,3,directa,5.0,0.0009099181073703,621.5,49,5495.0,0.0121671805314012,False
200967,26,2,directa,1.0,0.000181983621474,44.0,23,5495.0,0.0555555555555555,False
340232,26,0,directa,1.0,0.000181983621474,16.0,24,5495.0,0.1111111111111111,False
480676,26,0,indirecta,1.0,0.000181983621474,15.0,4,5495.0,0.019933178773673,False
492787,26,2,directa,1.0,0.000181983621474,29.5,3,5495.0,0.0218329747978341,False
507814,26,2,directa,8.0,0.0014558689717925,824.5,69,5495.0,0.0121671805314012,False
526484,26,2,directa,58.0,0.0105550500454959,4242.0,881,5495.0,0.0317469568748502,False
563186,26,2,indirecta,1.0,0.000181983621474,20.0,4,5495.0,0.0103430492508452,False
586286,26,2,indirecta,1.0,0.000181983621474,122.5,17,5495.0,0.0187719298245614,False
626363,26,2,directa,6.0,0.0010919017288444,782.5,21,5495.0,0.0024141092160443,False
672170,26,3,directa,1.0,0.000181983621474,48.5,6,5495.0,0.0218329747978341,False
676019,26,3,directa,8.0,0.0014558689717925,870.5,22,5495.0,0.0024141092160443,False
704086,26,3,directa,1.0,0.000181983621474,63.5,3,5495.0,0.0024141092160443,False
210757,28,2,directa,24.0,0.0010903143739778,444.0,27,22012.0,0.0080073899191602,False
226612,28,3,indirecta,82.5,0.0037479556605487,1785.0,1515,22012.0,0.1367967326340563,True
229109,28,2,indirecta,223.5,0.0101535526076685,3414.0,1411,22012.0,0.0647797310305142,True
285311,28,2,indirecta,73.0,0.0033163728875159,1156.0,9,22012.0,0.0009005477301587,False
304902,28,2,indirecta,243.5,0.0110621479193167,3623.5,1666,22012.0,0.0691660822523893,True
399210,28,3,indirecta,68.5,0.003111938942395,1155.5,421,22012.0,0.04044187243731,True
481557,28,2,indirecta,1008.0,0.0457932037070688,16643.5,86,22012.0,1.0657856933004955e-10,False
26460,3,1,indirecta,113.0,0.0069320900558247,2234.5,2,16301.0,0.0081257034327531,False
36664,3,1,directa,6.5,0.0003987485430341,85.5,12,16301.0,0.1219791157428702,True
37158,3,1,directa,1.5,9.201889454634684e-05,5.0,3,16301.0,0.1124458562049888,True
51918,3,3,directa,20.5,0.0012575915588,250.5,5,16301.0,0.0339031412301011,True
59631,3,2,indirecta,126.5,0.0077602601067419,3832.0,2,16301.0,0.0387183260635128,True
60130,3,2,directa,6.5,0.0003987485430341,186.0,6,16301.0,0.0882777844955616,True
61960,3,0,directa,3.5,0.0002147107539414,22.0,4,16301.0,0.2457150191146053,True
75167,3,0,directa,14.5,0.0008895159806146,74.0,9,16301.0,0.1332691629096164,True
84914,3,1,directa,1.5,9.201889454634684e-05,5.0,20,16301.0,2.187835424432869,True
99879,3,1,indirecta,276.0,0.0169314765965278,2154.5,8,16301.0,0.0063636363636363,False
109529,3,0,directa,87.5,0.0053677688485369,1685.5,12,16301.0,0.0331054202599811,True
131360,3,1,indirecta,193.0,0.0118397644316299,4794.5,2,16301.0,0.0192116993038622,False
135296,3,3,directa,6.0,0.0003680755781853,66.0,14,16301.0,0.1274677401267911,False
157398,3,3,directa,1.5,9.201889454634684e-05,5.0,8,16301.0,0.2623736644783073,True
173332,3,0,directa,3.5,0.0002147107539414,91.5,2,16301.0,0.0347008622002211,True
223876,3,3,indirecta,225.5,0.0138335071468008,1970.0,2,16301.0,0.014898249806466,True
272025,3,3,directa,3.0,0.0001840377890926,39.0,11,16301.0,0.4117196175533306,False
291022,3,0,directa,3.5,0.0002147107539414,77.0,6,16301.0,0.0857564866089007,True
306745,3,3,directa,1.5,9.201889454634684e-05,5.0,2,16301.0,0.5941583513053732,True
320027,3,2,directa,31.0,0.0019017238206245,710.5,9,16301.0,0.0651336240007035,False
350767,3,0,indirecta,388.0,0.023802220722655,8752.5,12,16301.0,0.0044960032488917,False
361280,3,2,directa,4.0,0.0002453837187902,50.0,4,16301.0,0.1274677401267911,False
369510,3,3,directa,1.5,9.201889454634684e-05,7.0,5,16301.0,0.1360456038035667,True
413302,3,0,indirecta,60.0,0.0036807557818538,999.5,2,16301.0,0.0083227986124017,False
415353,3,1,directa,49.0,0.0030059505551806,466.0,128,16301.0,0.3574947366152096,False
455764,3,0,directa,4.0,0.0002453837187902,34.0,5,16301.0,0.134036256598056,False
465646,3,3,directa,8.5,0.0005214404024292,122.0,18,16301.0,0.1166105175459143,True
469502,3,3,indirecta,345.5,0.0211950187105085,4647.0,8,16301.0,0.0079782977105664,True
480778,3,3,directa,1.5,9.201889454634684e-05,5.0,4,16301.0,0.3539962139786686,True
481638,3,3,directa,5.0,0.0003067296484878,65.0,13,16301.0,0.3105955009612845,False
486273,3,3,directa,8.5,0.0005214404024292,217.0,50,16301.0,0.2248917124099777,True
490910,3,3,directa,11.0,0.0006748052266732,177.0,7,16301.0,0.097512540999473,False
499704,3,1,directa,176.5,0.0108275565916201,3384.5,356,16301.0,0.0705450518504909,True
568795,3,2,indirecta,264.5,0.0162259984050058,5552.5,10,16301.0,0.018114258852977,True
578568,3,3,directa,11.0,0.0006748052266732,147.0,8,16301.0,0.1203858530857692,False
602504,3,2,directa,1.5,9.201889454634684e-05,5.0,2,16301.0,0.1263280606747405,True
650814,3,2,directa,23.5,0.0014416293478927,379.5,7,16301.0,0.0354985831703411,True
700006,3,1,directa,77.5,0.0047543095515612,1396.5,6,16301.0,0.032706559774921,True
704932,3,1,indirecta,450.0,0.027605668363904,8420.0,45,16301.0,0.0037832222460186,False
715923,3,3,directa,4.0,0.0002453837187902,26.0,3,16301.0,0.1032488695027008,False
725939,3,2,directa,2.0,0.0001226918593951,7.0,3,16301.0,0.2520985089759842,False
760514,3,0,directa,20.5,0.0012575915588,265.0,14,16301.0,0.1017742553820584,True
776260,3,1,directa,22.5,0.0013802834181952,246.5,7,16301.0,0.0398860485060013,True
769707,4,0,indirecta,2.0,0.0001039447014188,38.0,4,19241.0,0.0246657316503038,False
290180,5,0,directa,1.5,0.0006858710562414,145.0,8,2187.0,0.1529250225625317,True
365548,5,0,directa,1.5,0.0006858710562414,145.0,8,2187.0,0.1529250225625317,True
540406,5,3,indirecta,104.5,0.047782350251486,11574.5,17,2187.0,0.0006693694871521,True
599166,5,2,indirecta,11.0,0.0050297210791037,3709.5,9,2187.0,0.0037410302280569,False
767433,5,3,indirecta,6.5,0.0029721079103795,630.0,6,2187.0,0.0171165288936806,True
785389,5,2,indirecta,5.0,0.002286236854138,58.5,28,2187.0,0.2353663512969609,False
35973,9,3,directa,53.5,0.001950774840474,898.5,10,27425.0,7.324039479261285e-05,True
102162,9,2,indirecta,75.0,0.0027347310847766,819.5,13,27425.0,0.0001699389852982,False
196934,9,3,directa,33.5,0.0012215132178669,460.5,8,27425.0,0.0001133482300361,True
226612,9,3,indirecta,45.5,0.0016590701914311,3389.0,1515,27425.0,0.0138748181628444,True
229109,9,2,indirecta,679.5,0.0247766636280765,16269.5,1411,27425.0,0.0006976598896783,True
262374,9,1,directa,83.5,0.0030446672743846,812.5,12,27425.0,8.719094618168197e-05,True
285311,9,2,indirecta,69.5,0.0025341841385597,1246.0,9,27425.0,5.203929403318067e-05,True
356498,9,0,directa,12.5,0.0004557885141294,135.5,2,27425.0,3.705615212721484e-05,True
598280,9,3,directa,26.5,0.0009662716499544,373.5,6,27425.0,8.719094618168197e-05,True
