drug_id,especie,semilla,target_id,n_semilla,score,rank,frank,rG,rSS,clase,n_targets
2646,cele,no informativa,G5EF15,5,0.0,13947.0,0.5085505925250684,184970.0,13947.0,indirecta,27425.0
17716,cele,nula,G5EF15,0,,,,,,sin semilla,
36102,cele,no informativa,P52011,15,0.0,13761.5,0.5017866909753874,184822.5,13761.5,indirecta,27425.0
37880,cele,nula,Q17339,0,,,,,,sin semilla,
40771,cele,nula,Q9Y052,0,,,,,,sin semilla,
73040,cele,no informativa,Q9XUB2,21,0.0,13992.5,0.5102096627164996,187601.0,13992.5,indirecta,27425.0
73292,cele,no informativa,Q9XUB2,3,0.0,13988.0,0.510045578851413,186283.0,13988.0,indirecta,27425.0
83211,cele,no informativa,Q17427,4,0.0,13719.0,0.5002370100273473,184441.0,13719.0,indirecta,27425.0
90805,cele,no informativa,Q18014,2,0.0,13717.0,0.5001640838650866,184347.5,13717.0,indirecta,27425.0
92092,cele,nula,O61955,0,,,,,,sin semilla,
92584,cele,nula,Q19774,0,,,,,,sin semilla,
116603,cele,nula,Q9XUB2,0,,,,,,sin semilla,
117208,cele,no informativa,G5EF15,3,0.0,13966.0,0.5092433910665451,184958.0,13966.0,indirecta,27425.0
117439,cele,nula,Q9XUB2,0,,,,,,sin semilla,
117659,cele,nula,Q9XUB2,0,,,,,,sin semilla,
117838,cele,nula,Q9XUB2,0,,,,,,sin semilla,
118559,cele,nula,Q9XUB2,0,,,,,,sin semilla,
119075,cele,nula,Q9XUB2,0,,,,,,sin semilla,
119853,cele,no informativa,Q9XUB2,2,0.0,13729.0,0.5006016408386509,184650.0,13729.0,indirecta,27425.0
121360,cele,nula,G5EF15,0,,,,,,sin semilla,
122085,cele,nula,Q9XUB2,0,,,,,,sin semilla,
123487,cele,nula,G5EF15,0,,,,,,sin semilla,
124151,cele,nula,Q9XUB2,0,,,,,,sin semilla,
124330,cele,nula,Q9XUB2,0,,,,,,sin semilla,
124856,cele,no informativa,Q9XUB2,24,0.0,13730.0,0.5006381039197813,184669.5,13730.0,indirecta,27425.0
125662,cele,nula,Q17339,0,,,,,,sin semilla,
126528,cele,nula,G5EF15,0,,,,,,sin semilla,
126668,cele,nula,G5EF15,0,,,,,,sin semilla,
126959,cele,nula,Q9XUB2,0,,,,,,sin semilla,
127560,cele,nula,G5EF15,0,,,,,,sin semilla,
127596,cele,nula,G5EF15,0,,,,,,sin semilla,
127870,cele,nula,G5EF15,0,,,,,,sin semilla,
128180,cele,nula,Q9XUB2,0,,,,,,sin semilla,
128861,cele,nula,Q9XUB2,0,,,,,,sin semilla,
128912,cele,nula,Q9XUB2,0,,,,,,sin semilla,
129076,cele,nula,G5EF15,0,,,,,,sin semilla,
129273,cele,nula,Q9XUB2,0,,,,,,sin semilla,
129615,cele,no informativa,Q17339,3,0.0,13764.5,0.5018960802187785,185041.5,13764.5,indirecta,27425.0
131690,cele,nula,Q9XUB2,0,,,,,,sin semilla,
131839,cele,nula,Q9XUB2,0,,,,,,sin semilla,
132459,cele,no informativa,Q9U2M7,11,0.0,13850.5,0.5050319051959891,185568.0,13850.5,indirecta,27425.0
136562,cele,nula,Q9XUB2,0,,,,,,sin semilla,
137196,cele,no informativa,Q9XUB2,3,0.0,13993.0,0.5102278942570647,186550.5,13993.0,indirecta,27425.0
138120,cele,nula,Q9XUB2,0,,,,,,sin semilla,
139216,cele,nula,G5EF15,0,,,,,,sin semilla,
139399,cele,nula,Q9XUB2,0,,,,,,sin semilla,
139651,cele,nula,Q9XUB2,0,,,,,,sin semilla,
140360,cele,nula,Q9XUB2,0,,,,,,sin semilla,
143043,cele,nula,Q9XUB2,0,,,,,,sin semilla,
143912,cele,nula,Q9XUB2,0,,,,,,sin semilla,
144518,cele,nula,G5EF15,0,,,,,,sin semilla,
144664,cele,nula,Q9XUB2,0,,,,,,sin semilla,
145144,cele,nula,Q9XUB2,0,,,,,,sin semilla,
145785,cele,nula,Q9XUB2,0,,,,,,sin semilla,
146031,cele,nula,G5EF15,0,,,,,,sin semilla,
146934,cele,nula,G5EF15,0,,,,,,sin semilla,
147741,cele,nula,G5EF15,0,,,,,,sin semilla,
148988,cele,nula,G5EF15,0,,,,,,sin semilla,
149059,cele,nula,Q9XUB2,0,,,,,,sin semilla,
150663,cele,nula,Q9XUB2,0,,,,,,sin semilla,
151348,cele,nula,G5EF15,0,,,,,,sin semilla,
151837,cele,nula,G5EF15,0,,,,,,sin semilla,
151994,cele,nula,Q9XUB2,0,,,,,,sin semilla,
152266,cele,nula,Q9XUB2,0,,,,,,sin semilla,
152564,cele,nula,Q9XUB2,0,,,,,,sin semilla,
153568,cele,nula,G5EF15,0,,,,,,sin semilla,
154559,cele,nula,Q9XUB2,0,,,,,,sin semilla,
154964,cele,nula,Q9XUB2,0,,,,,,sin semilla,
155335,cele,nula,Q17339,0,,,,,,sin semilla,
157474,cele,nula,Q9XUB2,0,,,,,,sin semilla,
157740,cele,nula,G5EF15,0,,,,,,sin semilla,
158042,cele,nula,G5EF15,0,,,,,,sin semilla,
158132,cele,nula,Q9XUB2,0,,,,,,sin semilla,
160020,cele,nula,Q9XUB2,0,,,,,,sin semilla,
160783,cele,nula,G5EF15,0,,,,,,sin semilla,
161251,cele,nula,Q9XUB2,0,,,,,,sin semilla,
161846,cele,nula,Q9XUB2,0,,,,,,sin semilla,
162118,cele,nula,G5EF15,0,,,,,,sin semilla,
165261,cele,nula,Q9XUB2,0,,,,,,sin semilla,
165274,cele,no informativa,G5EF15,3,0.0,13781.5,0.5025159525979945,185281.0,13781.5,indirecta,27425.0
166098,cele,nula,Q9XUB2,0,,,,,,sin semilla,
166476,cele,nula,G5EF15,0,,,,,,sin semilla,
166636,cele,nula,Q9XUB2,0,,,,,,sin semilla,
166887,cele,no informativa,Q9XUB2,3,0.0,13734.5,0.5008021877848678,184766.0,13734.5,indirecta,27425.0
167644,cele,nula,G5EF15,0,,,,,,sin semilla,
168615,cele,nula,G5EF15,0,,,,,,sin semilla,
169585,cele,nula,Q9XUB2,0,,,,,,sin semilla,
170683,cele,nula,Q9XUB2,0,,,,,,sin semilla,
170701,cele,nula,G5EF15,0,,,,,,sin semilla,
170788,cele,nula,G5EF15,0,,,,,,sin semilla,
170900,cele,nula,Q9XUB2,0,,,,,,sin semilla,
171685,cele,nula,Q17339,0,,,,,,sin semilla,
172716,cele,nula,G5EF15,0,,,,,,sin semilla,
175343,cele,nula,Q17339,0,,,,,,sin semilla,
176822,cele,nula,Q9XUB2,0,,,,,,sin semilla,
177212,cele,nula,Q9XUB2,0,,,,,,sin semilla,
180954,cele,informativa,Q9XUB2,841,0.0,15912.0,0.5802005469462169,216483.5,15912.0,indirecta,27425.0
181477,cele,nula,G5EF15,0,,,,,,sin semilla,
182481,cele,nula,G5EF15,0,,,,,,sin semilla,
182929,cele,nula,Q9XUB2,0,,,,,,sin semilla,
183549,cele,no informativa,Q9XUB2,8,0.0,14236.5,0.5191066545123063,187201.0,14236.5,indirecta,27425.0
183690,cele,nula,Q9XUB2,0,,,,,,sin semilla,
186905,cele,nula,G5EF15,0,,,,,,sin semilla,
187440,cele,nula,Q9XUB2,0,,,,,,sin semilla,
187539,cele,nula,Q9XUB2,0,,,,,,sin semilla,
188177,cele,nula,G5EF15,0,,,,,,sin semilla,
188754,cele,informativa,G5EF15,2,8.719094618168197e-05,10.5,0.0003828623518687329,66.5,10.5,directa,27425.0
189569,cele,nula,G5EF15,0,,,,,,sin semilla,
190547,cele,nula,G5EF15,0,,,,,,sin semilla,
192027,cele,nula,G5EF15,0,,,,,,sin semilla,
192104,cele,nula,Q9XUB2,0,,,,,,sin semilla,
192455,cele,nula,Q17339,0,,,,,,sin semilla,
193010,cele,nula,Q9XUB2,0,,,,,,sin semilla,
194880,cele,nula,Q9XUB2,0,,,,,,sin semilla,
195168,cele,nula,Q9XUB2,0,,,,,,sin semilla,
196412,cele,nula,G5EF15,0,,,,,,sin semilla,
196584,cele,nula,Q17339,0,,,,,,sin semilla,
197111,cele,no informativa,Q9XUB2,11,0.0,13782.5,0.5025524156791249,185455.0,13782.5,indirecta,27425.0
197669,cele,nula,G5EF15,0,,,,,,sin semilla,
198987,cele,nula,Q9XUB2,0,,,,,,sin semilla,
199152,cele,nula,G5EF15,0,,,,,,sin semilla,
199762,cele,nula,Q9XUB2,0,,,,,,sin semilla,
199964,cele,nula,G5EF15,0,,,,,,sin semilla,
202724,cele,nula,G5EF15,0,,,,,,sin semilla,
202834,cele,nula,Q9XUB2,0,,,,,,sin semilla,
203924,cele,nula,Q17339,0,,,,,,sin semilla,
208271,cele,nula,G5EF15,0,,,,,,sin semilla,
208826,cele,nula,G5EF15,0,,,,,,sin semilla,
209721,cele,nula,Q17339,0,,,,,,sin semilla,
209743,cele,no informativa,Q17339,2,0.0,13992.5,0.5102096627164996,186503.5,13992.5,indirecta,27425.0
210013,cele,nula,G5EF15,0,,,,,,sin semilla,
210876,cele,nula,G5EF15,0,,,,,,sin semilla,
210899,cele,nula,Q9XUB2,0,,,,,,sin semilla,
215410,cele,nula,Q9XUB2,0,,,,,,sin semilla,
215860,cele,nula,Q17339,0,,,,,,sin semilla,
216864,cele,no informativa,Q9XUB2,2,0.0,13788.0,0.5027529626253419,186190.0,13788.0,indirecta,27425.0
217598,cele,nula,G5EF15,0,,,,,,sin semilla,
218529,cele,nula,Q9XUB2,0,,,,,,sin semilla,
220269,cele,nula,G5EF15,0,,,,,,sin semilla,
220360,cele,nula,Q9XUB2,0,,,,,,sin semilla,
220511,cele,nula,G5EF15,0,,,,,,sin semilla,
220633,cele,no informativa,Q9XUB2,4,0.0,13808.0,0.503482224247949,186523.0,13808.0,indirecta,27425.0
220728,cele,no informativa,G5EF15,23,0.0,13915.0,0.507383773928897,188114.0,13915.0,indirecta,27425.0
220999,cele,nula,Q9XUB2,0,,,,,,sin semilla,
222509,cele,nula,G5EF15,0,,,,,,sin semilla,
222929,cele,no informativa,Q9XUB2,5,0.0,13989.5,0.5101002734731085,186300.5,13989.5,indirecta,27425.0
223105,cele,nula,G5EF15,0,,,,,,sin semilla,
224683,cele,no informativa,Q9XUB2,2,0.0,13755.5,0.5015679124886053,184903.5,13755.5,indirecta,27425.0
225316,cele,nula,Q9XUB2,0,,,,,,sin semilla,
227887,cele,no informativa,G5EF15,2,0.0,13787.5,0.5027347310847766,186194.0,13787.5,indirecta,27425.0
228837,cele,nula,G5EF15,0,,,,,,sin semilla,
229812,cele,nula,Q9XUB2,0,,,,,,sin semilla,
231472,cele,nula,Q9XUB2,0,,,,,,sin semilla,
233842,cele,nula,G5EF15,0,,,,,,sin semilla,
234203,cele,nula,Q9XUB2,0,,,,,,sin semilla,
235361,cele,nula,Q17339,0,,,,,,sin semilla,
236517,cele,no informativa,G5EF15,2,0.0,13801.5,0.5032452142206016,186520.5,13801.5,indirecta,27425.0
236721,cele,no informativa,Q9XUB2,3,0.0,13830.0,0.5042844120328168,186829.0,13830.0,indirecta,27425.0
237283,cele,nula,G5EF15,0,,,,,,sin semilla,
238339,cele,nula,Q9XUB2,0,,,,,,sin semilla,
238641,cele,nula,G5EF15,0,,,,,,sin semilla,
239856,cele,no informativa,Q9XUB2,4,0.0,13859.0,0.5053418413855971,187776.0,13859.0,indirecta,27425.0
240545,cele,no informativa,Q9XUB2,3,0.0,14021.5,0.5112670920692799,186944.0,14021.5,indirecta,27425.0
241653,cele,nula,G5EF15,0,,,,,,sin semilla,
241738,cele,nula,G5EF15,0,,,,,,sin semilla,
242628,cele,nula,G5EF15,0,,,,,,sin semilla,
242959,cele,nula,G5EF15,0,,,,,,sin semilla,
243290,cele,nula,Q9XUB2,0,,,,,,sin semilla,
243717,cele,nula,Q9XUB2,0,,,,,,sin semilla,
245423,cele,nula,Q17339,0,,,,,,sin semilla,
245680,cele,nula,Q9XUB2,0,,,,,,sin semilla,
248159,cele,nula,G5EF15,0,,,,,,sin semilla,
248160,cele,no informativa,G5EF15,2,0.0,13828.5,0.5042297174111212,186798.5,13828.5,indirecta,27425.0
248320,cele,no informativa,G5EF15,3,0.0,14053.5,0.5124339106654512,188106.0,14053.5,indirecta,27425.0
248421,cele,nula,Q9XUB2,0,,,,,,sin semilla,
248855,cele,no informativa,Q9XUB2,3,0.0,13802.5,0.503281677301732,186565.5,13802.5,indirecta,27425.0
249070,cele,nula,Q9XUB2,0,,,,,,sin semilla,
249361,cele,nula,Q9XUB2,0,,,,,,sin semilla,
249612,cele,nula,Q9XUB2,0,,,,,,sin semilla,
249684,cele,nula,G5EF15,0,,,,,,sin semilla,
249897,cele,nula,G5EF15,0,,,,,,sin semilla,
250131,cele,nula,G5EF15,0,,,,,,sin semilla,
250436,cele,no informativa,G5EF15,3,0.0,13734.0,0.5007839562443026,184620.0,13734.0,indirecta,27425.0
251954,cele,nula,G5EF15,0,,,,,,sin semilla,
252389,cele,no informativa,Q9XUB2,3,0.0,13800.0,0.5031905195989061,185649.5,13800.0,indirecta,27425.0
257866,cele,nula,Q9XUB2,0,,,,,,sin semilla,
259022,cele,no informativa,Q9XUB2,4,0.0,13832.0,0.5043573381950774,186013.5,13832.0,indirecta,27425.0
259952,cele,no informativa,G5EF15,2,0.0,14006.5,0.5107201458523245,186583.0,14006.5,indirecta,27425.0
260825,cele,nula,Q9XUB2,0,,,,,,sin semilla,
261866,cele,nula,Q9XUB2,0,,,,,,sin semilla,
261955,cele,nula,Q9XUB2,0,,,,,,sin semilla,
262077,cele,nula,Q17339,0,,,,,,sin semilla,
264392,cele,nula,G5EF15,0,,,,,,sin semilla,
265665,cele,nula,Q9XUB2,0,,,,,,sin semilla,
267032,cele,nula,Q17339,0,,,,,,sin semilla,
267971,cele,nula,G5EF15,0,,,,,,sin semilla,
268539,cele,nula,G5EF15,0,,,,,,sin semilla,
269123,cele,nula,G5EF15,0,,,,,,sin semilla,
269880,cele,nula,G5EF15,0,,,,,,sin semilla,
270025,cele,nula,Q9XUB2,0,,,,,,sin semilla,
270069,cele,no informativa,G5EF15,5,0.0,14093.5,0.5138924339106654,187940.0,14093.5,indirecta,27425.0
270414,cele,no informativa,G5EF15,2,0.0,13797.0,0.503081130355515,185577.0,13797.0,indirecta,27425.0
270643,cele,nula,Q9XUB2,0,,,,,,sin semilla,
271168,cele,no informativa,Q9XUB2,17,0.0,14258.0,0.5198906107566089,189723.5,14258.0,indirecta,27425.0
271281,cele,nula,Q9XUB2,0,,,,,,sin semilla,
272123,cele,nula,Q9XUB2,0,,,,,,sin semilla,
273280,cele,nula,Q9XUB2,0,,,,,,sin semilla,
274000,cele,nula,G5EF15,0,,,,,,sin semilla,
275234,cele,nula,Q9XUB2,0,,,,,,sin semilla,
277442,cele,nula,Q9XUB2,0,,,,,,sin semilla,
278156,cele,nula,G5EF15,0,,,,,,sin semilla,
278234,cele,no informativa,G5EF15,5,0.0,14023.5,0.5113400182315405,187020.5,14023.5,indirecta,27425.0
278932,cele,nula,Q9XUB2,0,,,,,,sin semilla,
279135,cele,nula,G5EF15,0,,,,,,sin semilla,
279721,cele,nula,Q9XUB2,0,,,,,,sin semilla,
280800,cele,nula,Q17339,0,,,,,,sin semilla,
282011,cele,informativa,G5EF15,4,3.792806158903165e-05,17.5,0.0006381039197812216,170.5,17.5,indirecta,27425.0
284531,cele,nula,Q9XUB2,0,,,,,,sin semilla,
284728,cele,no informativa,G5EF15,5,0.0,13841.0,0.5046855059252506,186282.5,13841.0,indirecta,27425.0
284753,cele,nula,G5EF15,0,,,,,,sin semilla,
285175,cele,nula,G5EF15,0,,,,,,sin semilla,
286065,cele,nula,G5EF15,0,,,,,,sin semilla,
287107,cele,no informativa,Q9XUB2,2,0.0,13729.0,0.5006016408386509,184660.5,13729.0,indirecta,27425.0
287445,cele,nula,Q9XUB2,0,,,,,,sin semilla,
288722,cele,nula,Q9XUB2,0,,,,,,sin semilla,
289022,cele,nula,Q9XUB2,0,,,,,,sin semilla,
289697,cele,nula,Q17339,0,,,,,,sin semilla,
289950,cele,nula,Q17339,0,,,,,,sin semilla,
289987,cele,nula,G5EF15,0,,,,,,sin semilla,
290256,cele,no informativa,Q22993,3,0.0,13775.0,0.5022789425706472,185238.5,13775.0,indirecta,27425.0
290426,cele,nula,G5EF15,0,,,,,,sin semilla,
291096,cele,no informativa,Q17339,2,0.0,13737.5,0.5009115770282588,184620.0,13737.5,indirecta,27425.0
299848,cele,nula,Q17339,0,,,,,,sin semilla,
300320,cele,nula,Q9XUB2,0,,,,,,sin semilla,
300886,cele,no informativa,G5EF15,3,0.0,13741.0,0.5010391978122152,184657.5,13741.0,indirecta,27425.0
301980,cele,no informativa,Q9XUB2,2,0.0,13933.5,0.5080583409298086,184725.0,13933.5,indirecta,27425.0
302559,cele,nula,G5EF15,0,,,,,,sin semilla,
302675,cele,nula,Q9XUB2,0,,,,,,sin semilla,
303708,cele,nula,Q9XUB2,0,,,,,,sin semilla,
304031,cele,nula,Q9XUB2,0,,,,,,sin semilla,
304104,cele,no informativa,Q9XUB2,5,0.0,13716.5,0.5001458523245215,184373.0,13716.5,indirecta,27425.0
305272,cele,no informativa,Q9XUB2,6,0.0,14291.0,0.5210938924339107,188793.5,14291.0,indirecta,27425.0
306339,cele,nula,Q9XUB2,0,,,,,,sin semilla,
306434,cele,nula,G5EF15,0,,,,,,sin semilla,
309726,cele,no informativa,Q9XUB2,6,0.0,13983.5,0.5098814949863263,185463.0,13983.5,indirecta,27425.0
309876,cele,nula,Q9XUB2,0,,,,,,sin semilla,
310386,cele,nula,G5EF15,0,,,,,,sin semilla,
311802,cele,no informativa,Q9XUB2,2,0.0,13975.5,0.5095897903372835,185326.5,13975.5,indirecta,27425.0
312565,cele,nula,Q9XUB2,0,,,,,,sin semilla,
314667,cele,nula,Q17339,0,,,,,,sin semilla,
315179,cele,no informativa,Q9XUB2,7,0.0,13839.5,0.5046308113035551,187093.0,13839.5,indirecta,27425.0
316138,cele,nula,Q9XUB2,0,,,,,,sin semilla,
316335,cele,nula,Q17339,0,,,,,,sin semilla,
316929,cele,nula,Q17339,0,,,,,,sin semilla,
319376,cele,nula,Q9XUB2,0,,,,,,sin semilla,
321424,cele,nula,Q9XUB2,0,,,,,,sin semilla,
323470,cele,nula,G5EF15,0,,,,,,sin semilla,
325328,cele,nula,Q17339,0,,,,,,sin semilla,
326077,cele,no informativa,Q9XUB2,10,0.0,13833.0,0.5043938012762078,186676.0,13833.0,indirecta,27425.0
326720,cele,nula,Q9XUB2,0,,,,,,sin semilla,
326919,cele,no informativa,Q9XUB2,3,0.0,14090.5,0.5137830446672744,187017.5,14090.5,indirecta,27425.0
327302,cele,nula,G5EF15,0,,,,,,sin semilla,
327820,cele,nula,Q9XUB2,0,,,,,,sin semilla,
331481,cele,nula,Q9XUB2,0,,,,,,sin semilla,
331999,cele,nula,Q9XUB2,0,,,,,,sin semilla,
332678,cele,nula,Q9XUB2,0,,,,,,sin semilla,
332960,cele,nula,Q9XUB2,0,,,,,,sin semilla,
334654,cele,nula,Q9XUB2,0,,,,,,sin semilla,
336371,cele,nula,G5EF15,0,,,,,,sin semilla,
338528,cele,nula,G5EF15,0,,,,,,sin semilla,
338578,cele,nula,Q9XUB2,0,,,,,,sin semilla,
338619,cele,nula,Q9XUB2,0,,,,,,sin semilla,
339325,cele,nula,Q9XUB2,0,,,,,,sin semilla,
339345,cele,nula,Q9XUB2,0,,,,,,sin semilla,
340809,cele,nula,G5EF15,0,,,,,,sin semilla,
341092,cele,nula,Q9XUB2,0,,,,,,sin semilla,
341985,cele,nula,G5EF15,0,,,,,,sin semilla,
344294,cele,nula,G5EF15,0,,,,,,sin semilla,
344319,cele,nula,Q9XUB2,0,,,,,,sin semilla,
344791,cele,no informativa,G5EF15,4,0.0,14005.5,0.5106836827711941,186216.0,14005.5,indirecta,27425.0
344825,cele,nula,G5EF15,0,,,,,,sin semilla,
345359,cele,nula,Q9XUB2,0,,,,,,sin semilla,
345803,cele,informativa,Q17339,9,0.00046850398916577804,28.0,0.0010209662716499544,308.0,28.0,directa,27425.0
346257,cele,nula,G5EF15,0,,,,,,sin semilla,
346537,cele,no informativa,Q9XUB2,58,0.0,14764.5,0.538359161349134,194158.0,14764.5,indirecta,27425.0
348140,cele,nula,Q9XUB2,0,,,,,,sin semilla,
348800,cele,nula,G5EF15,0,,,,,,sin semilla,
348962,cele,no informativa,G5EF15,2,0.0,13728.5,0.5005834092980856,184662.5,13728.5,indirecta,27425.0
349342,cele,no informativa,Q9XUB2,4,0.0,13963.0,0.509134001823154,184970.5,13963.0,indirecta,27425.0
350995,cele,nula,Q9XUB2,0,,,,,,sin semilla,
351672,cele,nula,G5EF15,0,,,,,,sin semilla,
352710,cele,nula,Q9XUB2,0,,,,,,sin semilla,
354772,cele,nula,Q9XUB2,0,,,,,,sin semilla,
354999,cele,nula,G5EF15,0,,,,,,sin semilla,
358611,cele,nula,G5EF15,0,,,,,,sin semilla,
359462,cele,no informativa,Q17339,2,0.0,13798.0,0.5031175934366454,184723.5,13798.0,indirecta,27425.0
360018,cele,nula,G5EF15,0,,,,,,sin semilla,
361577,cele,no informativa,G5EF15,2,0.0,13977.5,0.5096627164995442,186142.5,13977.5,indirecta,27425.0
361651,cele,nula,Q9XUB2,0,,,,,,sin semilla,
361719,cele,no informativa,Q9XUB2,5,0.0,13811.0,0.5035916134913401,185747.5,13811.0,indirecta,27425.0
361779,cele,nula,G5EF15,0,,,,,,sin semilla,
362809,cele,nula,G5EF15,0,,,,,,sin semilla,
363439,cele,nula,Q9XUB2,0,,,,,,sin semilla,
365428,cele,informativa,Q09596,10,5.203929403318067e-05,72.5,0.002643573381950775,1148.0,72.5,indirecta,27425.0
365559,cele,nula,Q9XUB2,0,,,,,,sin semilla,
365607,cele,nula,G5EF15,0,,,,,,sin semilla,
365617,cele,nula,G5EF15,0,,,,,,sin semilla,
365672,cele,nula,Q9XUB2,0,,,,,,sin semilla,
366165,cele,no informativa,G5EF15,4,0.0,13807.5,0.5034639927073837,186522.5,13807.5,indirecta,27425.0
367863,cele,no informativa,Q9XUB2,10,0.0,14285.0,0.5208751139471285,188074.0,14285.0,indirecta,27425.0
368254,cele,nula,Q9XUB2,0,,,,,,sin semilla,
368298,cele,no informativa,Q9XUB2,8,0.0,14383.5,0.5244667274384686,189322.5,14383.5,indirecta,27425.0
368381,cele,no informativa,Q9XUB2,6,0.0,14028.5,0.5115223336371924,186943.0,14028.5,indirecta,27425.0
368704,cele,nula,Q17339,0,,,,,,sin semilla,
369143,cele,nula,G5EF15,0,,,,,,sin semilla,
369231,cele,nula,Q9XUB2,0,,,,,,sin semilla,
370703,cele,nula,G5EF15,0,,,,,,sin semilla,
372114,cele,no informativa,Q17339,2,0.0,13980.0,0.5097538742023701,186189.0,13980.0,indirecta,27425.0
372337,cele,nula,Q9XUB2,0,,,,,,sin semilla,
375851,cele,no informativa,Q9XUB2,3,0.0,13935.5,0.5081312670920692,184743.0,13935.5,indirecta,27425.0
378394,cele,nula,Q9XUB2,0,,,,,,sin semilla,
378590,cele,nula,Q17339,0,,,,,,sin semilla,
380039,cele,nula,Q9XUB2,0,,,,,,sin semilla,
381161,cele,nula,Q9XUB2,0,,,,,,sin semilla,
382589,cele,nula,G5EF15,0,,,,,,sin semilla,
383006,cele,nula,Q17339,0,,,,,,sin semilla,
383962,cele,nula,G5EF15,0,,,,,,sin semilla,
384630,cele,nula,Q9XUB2,0,,,,,,sin semilla,
385080,cele,nula,G5EF15,0,,,,,,sin semilla,
386300,cele,nula,Q9XUB2,0,,,,,,sin semilla,
386556,cele,no informativa,Q9XUB2,2,0.0,13713.0,0.5000182315405651,184277.5,13713.0,indirecta,27425.0
387028,cele,no informativa,G5EF15,4,0.0,14045.0,0.5121239744758432,187153.0,14045.0,indirecta,27425.0
387211,cele,nula,G5EF15,0,,,,,,sin semilla,
388671,cele,no informativa,Q9XUB2,2,0.0,13737.5,0.5009115770282588,184620.0,13737.5,indirecta,27425.0
388781,cele,no informativa,Q9XUB2,9,0.0,14177.5,0.5169553327256153,189922.0,14177.5,indirecta,27425.0
388801,cele,nula,Q9XUB2,0,,,,,,sin semilla,
389573,cele,no informativa,Q17339,2,0.0,13934.0,0.5080765724703737,184712.5,13934.0,indirecta,27425.0
389742,cele,no informativa,Q9XUB2,6,0.0,14121.5,0.5149134001823154,188337.0,14121.5,indirecta,27425.0
390899,cele,nula,Q9XUB2,0,,,,,,sin semilla,
390974,cele,nula,G5EF15,0,,,,,,sin semilla,
391568,cele,nula,Q9XUB2,0,,,,,,sin semilla,
393268,cele,no informativa,G5EF15,3,0.0,13774.5,0.5022607110300821,185191.5,13774.5,indirecta,27425.0
393611,cele,nula,Q9XUB2,0,,,,,,sin semilla,
393876,cele,nula,G5EF15,0,,,,,,sin semilla,
394549,cele,nula,Q9XUB2,0,,,,,,sin semilla,
395353,cele,nula,Q9XUB2,0,,,,,,sin semilla,
395484,cele,nula,Q9XUB2,0,,,,,,sin semilla,
396872,cele,no informativa,Q17339,3,0.0,13978.0,0.5096809480401094,185388.5,13978.0,indirecta,27425.0
397449,cele,nula,Q17339,0,,,,,,sin semilla,
400272,cele,no informativa,Q9XUB2,2,0.0,13992.5,0.5102096627164996,186503.5,13992.5,indirecta,27425.0
401384,cele,no informativa,Q9XUB2,14,0.0,14077.0,0.5132907930720146,188217.5,14077.0,indirecta,27425.0
402269,cele,nula,Q9XUB2,0,,,,,,sin semilla,
402322,cele,nula,Q17339,0,,,,,,sin semilla,
402526,cele,nula,Q17339,0,,,,,,sin semilla,
404856,cele,nula,G5EF15,0,,,,,,sin semilla,
406111,cele,nula,Q9XUB2,0,,,,,,sin semilla,
406901,cele,nula,G5EF15,0,,,,,,sin semilla,
408075,cele,no informativa,Q9XUB2,3,0.0,13981.5,0.5098085688240657,186245.5,13981.5,indirecta,27425.0
408615,cele,nula,Q17339,0,,,,,,sin semilla,
410004,cele,nula,Q9XUB2,0,,,,,,sin semilla,
410635,cele,no informativa,Q9XUB2,2,0.0,13723.0,0.5003828623518687,184389.5,13723.0,indirecta,27425.0
410855,cele,nula,G5EF15,0,,,,,,sin semilla,
411230,cele,nula,Q9XUB2,0,,,,,,sin semilla,
412005,cele,nula,G5EF15,0,,,,,,sin semilla,
412853,cele,nula,G5EF15,0,,,,,,sin semilla,
412934,cele,nula,Q9XUB2,0,,,,,,sin semilla,
417292,cele,informativa,G5EF15,9,8.719094618168197e-05,134.5,0.004904284412032817,1776.5,134.5,directa,27425.0
420082,cele,nula,G5EF15,0,,,,,,sin semilla,
422156,cele,nula,Q9XUB2,0,,,,,,sin semilla,
422580,cele,nula,G5EF15,0,,,,,,sin semilla,
424462,cele,nula,Q9XUB2,0,,,,,,sin semilla,
425639,cele,nula,Q17339,0,,,,,,sin semilla,
429677,cele,informativa,G5EF15,3,3.6620197396306425e-05,23.5,0.0008568824065633546,220.5,23.5,directa,27425.0
429866,cele,nula,Q9XUB2,0,,,,,,sin semilla,
430628,cele,nula,Q9XUB2,0,,,,,,sin semilla,
431351,cele,nula,G5EF15,0,,,,,,sin semilla,
431947,cele,nula,Q9XUB2,0,,,,,,sin semilla,
431951,cele,no informativa,Q9XUB2,5,0.0,13730.5,0.5006563354603464,184693.5,13730.5,indirecta,27425.0
432460,cele,nula,G5EF15,0,,,,,,sin semilla,
432491,cele,nula,G5EF15,0,,,,,,sin semilla,
432869,cele,nula,Q9XUB2,0,,,,,,sin semilla,
433035,cele,nula,Q9XUB2,0,,,,,,sin semilla,
433155,cele,no informativa,G5EF15,5,0.0,14037.0,0.5118322698268004,187215.5,14037.0,indirecta,27425.0
433803,cele,no informativa,G5EF15,7,0.0,13814.5,0.5037192342752963,186610.0,13814.5,indirecta,27425.0
434806,cele,no informativa,Q9XUB2,3,0.0,13772.0,0.5021695533272561,185295.0,13772.0,indirecta,27425.0
434928,cele,nula,G5EF15,0,,,,,,sin semilla,
436599,cele,no informativa,Q9XUB2,3,0.0,13771.0,0.5021330902461258,185311.5,13771.0,indirecta,27425.0
437998,cele,informativa,Q9GYI0,9,0.00016993898529826405,50.0,0.0018231540565177757,457.5,50.0,indirecta,27425.0
439451,cele,nula,Q9XUB2,0,,,,,,sin semilla,
447742,cele,no informativa,P42573,9,0.0,14021.0,0.5112488605287147,186668.5,14021.0,indirecta,27425.0
449211,cele,nula,Q10905,0,,,,,,sin semilla,
450804,cele,no informativa,Q9XUB2,6,0.0,14034.0,0.5117228805834093,186405.0,14034.0,indirecta,27425.0
476946,cele,nula,G5EF15,0,,,,,,sin semilla,
511739,cele,nula,Q9XUB2,0,,,,,,sin semilla,
568149,cele,nula,Q17339,0,,,,,,sin semilla,
644697,cele,nula,Q9XUB2,0,,,,,,sin semilla,
646723,cele,nula,G5EF15,0,,,,,,sin semilla,
647606,cele,nula,G5EF15,0,,,,,,sin semilla,
648151,cele,nula,Q9XUB2,0,,,,,,sin semilla,
650797,cele,nula,G5EF15,0,,,,,,sin semilla,
653482,cele,nula,Q9XUB2,0,,,,,,sin semilla,
658936,cele,nula,G5EF15,0,,,,,,sin semilla,
660243,cele,nula,Q9XUB2,0,,,,,,sin semilla,
661122,cele,nula,Q17339,0,,,,,,sin semilla,
666417,cele,nula,Q9XUB2,0,,,,,,sin semilla,
666495,cele,nula,Q9XUB2,0,,,,,,sin semilla,
667624,cele,nula,Q17339,0,,,,,,sin semilla,
670878,cele,nula,G5EF15,0,,,,,,sin semilla,
675515,cele,nula,G5EF15,0,,,,,,sin semilla,
678210,cele,nula,G5EF15,0,,,,,,sin semilla,
678277,cele,nula,G5EF15,0,,,,,,sin semilla,
680908,cele,nula,Q17339,0,,,,,,sin semilla,
681781,cele,nula,G5EF15,0,,,,,,sin semilla,
682070,cele,nula,G5EF15,0,,,,,,sin semilla,
686724,cele,nula,Q9XUB2,0,,,,,,sin semilla,
686801,cele,nula,Q9XUB2,0,,,,,,sin semilla,
687119,cele,nula,G5EF15,0,,,,,,sin semilla,
739217,cele,nula,Q9Y052,0,,,,,,sin semilla,
742030,cele,nula,Q9XUB2,0,,,,,,sin semilla,
742437,cele,nula,G5EF15,0,,,,,,sin semilla,
742627,cele,no informativa,Q9XUB2,4,0.0,13882.0,0.5061804922515952,187586.5,13882.0,indirecta,27425.0
799882,cele,nula,Q9Y052,0,,,,,,sin semilla,
833885,cele,nula,Q9XUB2,0,,,,,,sin semilla,
912256,cele,nula,Q9XUB2,0,,,,,,sin semilla,
912472,cele,nula,Q9XUB2,0,,,,,,sin semilla,
912473,cele,nula,Q9XUB2,0,,,,,,sin semilla,
940008,cele,nula,Q17339,0,,,,,,sin semilla,
940937,cele,nula,Q10905,0,,,,,,sin semilla,
946822,cele,nula,Q17339,0,,,,,,sin semilla,
957524,cele,nula,Q17339,0,,,,,,sin semilla,
958276,cele,nula,G5EGA6,0,,,,,,sin semilla,
960377,cele,no informativa,Q9XUB2,8,0.0,13893.5,0.5065998176845944,187280.5,13893.5,indirecta,27425.0
963187,cele,informativa,Q9N384,1366,0.013874818162844412,43.5,0.001586144029170465,3169.0,43.5,indirecta,27425.0
1006209,cele,nula,Q9XUB2,0,,,,,,sin semilla,
1016846,cele,nula,Q9XUB2,0,,,,,,sin semilla,
1017270,cele,no informativa,Q9XUB2,4,0.0,14200.0,0.5177757520510483,186629.0,14200.0,indirecta,27425.0
1018140,cele,nula,Q9XUB2,0,,,,,,sin semilla,
1018464,cele,nula,Q17339,0,,,,,,sin semilla,
1018595,cele,nula,Q9XUB2,0,,,,,,sin semilla,
1018712,cele,no informativa,G5EF15,2,0.0,13952.0,0.5087329079307201,184966.0,13952.0,indirecta,27425.0
1019600,cele,nula,G5EF15,0,,,,,,sin semilla,
1019621,cele,nula,G5EF15,0,,,,,,sin semilla,
1019650,cele,no informativa,Q9XUB2,10,0.0,13840.0,0.5046490428441204,186202.0,13840.0,indirecta,27425.0
1019737,cele,nula,G5EF15,0,,,,,,sin semilla,
1021269,cele,nula,G5EF15,0,,,,,,sin semilla,
1021304,cele,no informativa,G5EF15,2,0.0,13934.5,0.5080948040109389,184708.5,13934.5,indirecta,27425.0
1023186,cele,nula,Q9XUB2,0,,,,,,sin semilla,
1023291,cele,nula,Q9XUB2,0,,,,,,sin semilla,
1023337,cele,nula,Q9XUB2,0,,,,,,sin semilla,
1023526,cele,no informativa,G5EF15,4,0.0,14024.5,0.5113764813126709,186102.0,14024.5,indirecta,27425.0
1023862,cele,nula,G5EF15,0,,,,,,sin semilla,
1025302,cele,no informativa,G5EF15,4,0.0,13818.5,0.5038650865998177,186583.5,13818.5,indirecta,27425.0
1025601,cele,no informativa,Q9XUB2,7,0.0,14052.0,0.5123792160437557,187337.0,14052.0,indirecta,27425.0
1025645,cele,no informativa,Q9XUB2,2,0.0,13758.5,0.5016773017319963,184972.0,13758.5,indirecta,27425.0
1026332,cele,no informativa,Q9XUB2,2,0.0,13975.5,0.5095897903372835,185326.5,13975.5,indirecta,27425.0
1026633,cele,nula,Q9XUB2,0,,,,,,sin semilla,
1026997,cele,nula,Q9XUB2,0,,,,,,sin semilla,
1027069,cele,nula,G5EF15,0,,,,,,sin semilla,
1027141,cele,nula,Q9XUB2,0,,,,,,sin semilla,
1027156,cele,nula,Q9XUB2,0,,,,,,sin semilla,
1027381,cele,nula,G5EF15,0,,,,,,sin semilla,
1029808,cele,nula,G5EF15,0,,,,,,sin semilla,
1032188,cele,no informativa,G5EF15,4,0.0,13993.0,0.5102278942570647,185582.5,13993.0,indirecta,27425.0
1032290,cele,nula,Q9XUB2,0,,,,,,sin semilla,
1033522,cele,nula,Q17339,0,,,,,,sin semilla,
1034598,cele,nula,Q9XUB2,0,,,,,,sin semilla,
1065321,cele,nula,G5EGA6,0,,,,,,sin semilla,
1097025,cele,nula,Q9XUB2,0,,,,,,sin semilla,
1113026,cele,nula,Q09374,0,,,,,,sin semilla,
1125610,cele,nula,Q9XUB2,0,,,,,,sin semilla,
1279795,cele,nula,Q9XUB2,0,,,,,,sin semilla,
1282450,cele,informativa,Q9N5Z3,1262,0.0006976598896783323,589.5,0.021494986326344577,14152.5,589.5,indirecta,27425.0
1292507,cele,no informativa,G5EF15,2,0.0,13714.5,0.5000729261622607,184314.5,13714.5,indirecta,27425.0
1342616,cele,nula,Q9XUB2,0,,,,,,sin semilla,
1466251,cele,nula,Q03611,0,,,,,,sin semilla,
1470813,cele,nula,Q10905,0,,,,,,sin semilla,
1473968,cele,no informativa,Q10905,2,0.0,13770.5,0.5021148587055606,185264.5,13770.5,indirecta,27425.0
1501753,cele,no informativa,Q9XUB2,2,0.0,13818.5,0.5038650865998177,185614.0,13818.5,indirecta,27425.0
1569934,cele,nula,Q17339,0,,,,,,sin semilla,
1675451,cele,nula,D3KZG3,0,,,,,,sin semilla,
1711905,cele,nula,G5EF15,0,,,,,,sin semilla,
1807543,cele,nula,G5EF15,0,,,,,,sin semilla,
1891051,cele,nula,G5EF15,0,,,,,,sin semilla,
2195369,cele,no informativa,Q9XUB2,13,0.0,13913.5,0.5073290793072015,186694.0,13913.5,indirecta,27425.0
2273128,cele,no informativa,P52011,3,0.0,13727.0,0.5005287146763902,184473.0,13727.0,indirecta,27425.0
2344412,cele,nula,Q17339,0,,,,,,sin semilla,
2363069,cele,nula,Q17339,0,,,,,,sin semilla,
2374632,cele,no informativa,P34712,3,0.0,13726.5,0.500510483135825,184532.5,13726.5,indirecta,27425.0
2374883,cele,no informativa,Q17427,7,0.0,13715.5,0.5001093892433911,184401.5,13715.5,indirecta,27425.0
2376188,cele,nula,P52011,0,,,,,,sin semilla,
2378148,cele,no informativa,Q9GZC8,15,0.0,13946.0,0.508514129443938,187894.5,13946.0,indirecta,27425.0
2378174,cele,nula,O62137,0,,,,,,sin semilla,
2383737,cele,nula,Q11174,0,,,,,,sin semilla,
2383740,cele,nula,Q11174,0,,,,,,sin semilla,
2385386,cele,nula,Q10651,0,,,,,,sin semilla,
2386453,cele,nula,Q26261,0,,,,,,sin semilla,
2386899,cele,nula,P34413,0,,,,,,sin semilla,
2386902,cele,no informativa,P34413,2,0.0,13721.0,0.5003099361896081,184394.5,13721.0,indirecta,27425.0
2391524,cele,no informativa,Q9XWJ1,24,0.0,13851.0,0.5050501367365542,187241.0,13851.0,indirecta,27425.0
2393586,cele,nula,Q26261,0,,,,,,sin semilla,
2395035,cele,nula,Q19905,0,,,,,,sin semilla,
